sample,Family_ID,chrom,pos,ref,alt,gene,Inheritance,HGVSc,HGVSp,AA_ref,AA_alt,AA_pos,Exon,Consequence,Impact,Zygosity,DP,Sample_AF,acmg_disease_association,Special_Guidance,Rules_applied,disease_match,disease_match_level,disease_match_reason,clinvar_trait,clinvar_sig,clinvar_stars,hgmd_class,hgmd_phenotype,hgmd_publication_count,hgmd_rankscore,hgmd_dmsupported,hgmd_support_confirmed,internal_db_sig,database_summary,gnomAD_AF,gnomAD_version,REVEL,CADD,SpliceAI,AlphaMissense,ps1_matches,pm5_matches,phase,is_delins_part,criteria_assigned,criteria_points,total_points,Algorithmic_class,automated_class,PVS1_expl,PS1_expl,PM1_expl,PM2_expl,PM3_expl,PM4_expl,PM5_expl,PP1_expl,PP3_expl,PP5_expl,BA1_expl,BS1_expl,BS2_expl,BP4_expl,BP5_expl,BP6_expl,BP7_expl,in_auto_report,in_manual_review,auto_report_reasons,manual_reasons,comments,filtered_reasons,filtered_out
7025370,35166_2023,chr1,17030624,G,GT,SDHB,AD,c.287-1889dupA,Not provided,,,,3/7,intron_variant,MODIFIER,Het,30,0.424,Hereditary paraganglioma-pheochromocytoma syndrome,No,,No,unknown_db_phenotype,No phenotype text in DB (unknown),Not provided,Not provided,0,Not provided,Not provided,0,Not provided,0,0,Not provided,No database evidence,0.0,Unknown,-1.000,Not provided,Not provided,Not provided,[],[],unknown,No,PM2_Moderate,"{""PM2_Moderate"": 2}",2,VUS,VUS,,,,PM2_Moderate: gnomAD max AF=0 < threshold 0.0001 for MOI AD,,,,,,,,,,,,,,No,No,,,,,Yes
7025370,35166_2023,chr1,17041753,A,T,SDHB,AD,c.200+3008T>A,Not provided,,,,2/7,intron_variant,MODIFIER,Het,32,0.594,Hereditary paraganglioma-pheochromocytoma syndrome,No,,No,unknown_db_phenotype,No phenotype text in DB (unknown),Not provided,Not provided,0,Not provided,Not provided,0,Not provided,0,0,Not provided,No database evidence,0.0,Unknown,-1.000,Not provided,Not provided,Not provided,[],[],unknown,No,PM2_Moderate,"{""PM2_Moderate"": 2}",2,VUS,VUS,,,,PM2_Moderate: gnomAD max AF=0 < threshold 0.0001 for MOI AD,,,,,,,,,,,,,,No,No,,,,,Yes
7025370,35166_2023,chr1,68432393,C,T,RPE65,AR,c.1129-808G>A,Not provided,,,,10/13,intron_variant,MODIFIER,Het,48,0.367,RPE65-related retinopathy,No,,No,unknown_db_phenotype,No phenotype text in DB (unknown),Not provided,Not provided,0,Not provided,Not provided,0,Not provided,0,0,Not provided,No database evidence,0.0,Unknown,-1.000,Not provided,Not provided,Not provided,[],[],unknown,No,PM2_Moderate,"{""PM2_Moderate"": 2}",2,VUS,VUS,,,,PM2_Moderate: gnomAD max AF=0 < threshold 0.005 for MOI AR,,,,,,,,,,,,,,No,No,,,,,Yes
7025370,35166_2023,chr1,68439866,A,G,RPE65,AR,c.644-224T>C,Not provided,,,,6/13,intron_variant,MODIFIER,Het,28,0.448,RPE65-related retinopathy,No,,No,unknown_db_phenotype,No phenotype text in DB (unknown),Not provided,Not provided,0,Not provided,Not provided,0,Not provided,0,0,Not provided,No database evidence,0.0,Unknown,-1.000,Not provided,Not provided,Not provided,[],[],unknown,No,PM2_Moderate,"{""PM2_Moderate"": 2}",2,VUS,VUS,,,,PM2_Moderate: gnomAD max AF=0 < threshold 0.005 for MOI AR,,,,,,,,,,,,,,No,No,,,,,Yes
7025370,35166_2023,chr1,115737022,C,A,CASQ2,AR,c.532+1202G>T,Not provided,,,,4/10,intron_variant,MODIFIER,Het,38,0.513,Catecholaminergic polymorphic ventricular tachycardia,No,,No,unknown_db_phenotype,No phenotype text in DB (unknown),Not provided,Not provided,0,Not provided,Not provided,0,Not provided,0,0,Not provided,No database evidence,0.0,Unknown,-1.000,Not provided,Not provided,Not provided,[],[],unknown,No,PM2_Moderate,"{""PM2_Moderate"": 2}",2,VUS,VUS,,,,PM2_Moderate: gnomAD max AF=0 < threshold 0.005 for MOI AR,,,,,,,,,,,,,,No,No,,,,,Yes
7025370,35166_2023,chr1,115739061,T,TA,CASQ2,AR,c.421-727_421-726insT,Not provided,,,,3/10,intron_variant,MODIFIER,Hom,30,0.839,Catecholaminergic polymorphic ventricular tachycardia,No,,No,unknown_db_phenotype,No phenotype text in DB (unknown),Not provided,Not provided,0,Not provided,Not provided,0,Not provided,0,0,Not provided,No database evidence,0.0,Unknown,-1.000,Not provided,Not provided,Not provided,[],[],unknown,No,PM2_Moderate;PM3_Supporting,"{""PM2_Moderate"": 2, ""PM3_Supporting"": 1}",3,VUS,VUS,,,,PM2_Moderate: gnomAD max AF=0 < threshold 0.005 for MOI AR,,,,,,,,,,,,,,No,No,,,PM3 (PM3_Supporting): total=0.50 [homozygous: +0.5],,Yes
7025370,35166_2023,chr1,161372677,T,TAAAA,SDHC,AD,c.*10153_*10156dupAAAA,Not provided,,,,4/4,3_prime_UTR_variant,MODIFIER,Het,14,0.467,Hereditary paraganglioma-pheochromocytoma syndrome,No,,No,unknown_db_phenotype,No phenotype text in DB (unknown),Not provided,Not provided,0,Not provided,Not provided,0,Not provided,0,0,Not provided,No database evidence,0.0,Unknown,-1.000,Not provided,Not provided,Not provided,[],[],unknown,No,PM2_Moderate,"{""PM2_Moderate"": 2}",2,VUS,VUS,,,,PM2_Moderate: gnomAD max AF=0 < threshold 0.0001 for MOI AD,,,,,,,,,,,,,,No,No,,,,,Yes
7025370,35166_2023,chr1,201355134,C,T,TNNT2,AD,c.*4076G>A,Not provided,,,,,downstream_gene_variant,MODIFIER,Het,20,0.667,Dilated cardiomyopathy; Hypertrophic cardiomyopathy,No,,No,unknown_db_phenotype,No phenotype text in DB (unknown),Not provided,Not provided,0,Not provided,Not provided,0,Not provided,0,0,Not provided,No database evidence,0.0,Unknown,-1.000,Not provided,Not provided,Not provided,[],[],unknown,No,PM2_Moderate,"{""PM2_Moderate"": 2}",2,VUS,VUS,,,,PM2_Moderate: gnomAD max AF=0 < threshold 0.0001 for MOI AD,,,,,,,,,,,,,,No,No,,,,,Yes
7025370,35166_2023,chr1,237056671,A,AG,RYR2,AD,c.48+14102_48+14103insG,Not provided,,,,1/104,intron_variant,MODIFIER,Het,21,0.727,Catecholaminergic polymorphic ventricular tachycardia,No,,No,unknown_db_phenotype,No phenotype text in DB (unknown),Not provided,Not provided,0,Not provided,Not provided,0,Not provided,0,0,Not provided,No database evidence,0.0,Unknown,-1.000,Not provided,Not provided,Not provided,[],[],unknown,Yes,PM2_Moderate,"{""PM2_Moderate"": 2}",2,VUS,VUS,,,,PM2_Moderate: gnomAD max AF=0 < threshold 0.0001 for MOI AD,,,,,,,,,,,,,,No,No,,,Delins cluster (unphased) detected (cluster_id=1; members=chr1:237056671:A:AG:7025370;chr1:237056674:G:A:7025370;chr1:237056672:T:C:7025370) - phasing required to confirm cis/trans.;Delins/overlap cluster (id=1) detected but not all members meet P/LP or >5pts -> not auto-escalated (possible carrier).,,Yes
7025370,35166_2023,chr1,237056672,T,C,RYR2,AD,c.48+14103T>C,Not provided,,,,1/104,intron_variant,MODIFIER,Het,21,0.727,Catecholaminergic polymorphic ventricular tachycardia,No,,No,unknown_db_phenotype,No phenotype text in DB (unknown),Not provided,Not provided,0,Not provided,Not provided,0,Not provided,0,0,Not provided,No database evidence,0.0,Unknown,-1.000,Not provided,Not provided,Not provided,[],[],unknown,Yes,PM2_Moderate,"{""PM2_Moderate"": 2}",2,VUS,VUS,,,,PM2_Moderate: gnomAD max AF=0 < threshold 0.0001 for MOI AD,,,,,,,,,,,,,,No,No,,,Delins cluster (unphased) detected (cluster_id=1; members=chr1:237056671:A:AG:7025370;chr1:237056674:G:A:7025370;chr1:237056672:T:C:7025370) - phasing required to confirm cis/trans.;Delins/overlap cluster (id=1) detected but not all members meet P/LP or >5pts -> not auto-escalated (possible carrier).,,Yes
7025370,35166_2023,chr1,237056674,G,A,RYR2,AD,c.48+14105G>A,Not provided,,,,1/104,intron_variant,MODIFIER,Het,21,0.739,Catecholaminergic polymorphic ventricular tachycardia,No,,No,unknown_db_phenotype,No phenotype text in DB (unknown),Not provided,Not provided,0,Not provided,Not provided,0,Not provided,0,0,Not provided,No database evidence,0.0,Unknown,-1.000,Not provided,Not provided,Not provided,[],[],unknown,Yes,PM2_Moderate,"{""PM2_Moderate"": 2}",2,VUS,VUS,,,,PM2_Moderate: gnomAD max AF=0 < threshold 0.0001 for MOI AD,,,,,,,,,,,,,,No,No,,,Delins cluster (unphased) detected (cluster_id=1; members=chr1:237056671:A:AG:7025370;chr1:237056674:G:A:7025370;chr1:237056672:T:C:7025370) - phasing required to confirm cis/trans.;Delins/overlap cluster (id=1) detected but not all members meet P/LP or >5pts -> not auto-escalated (possible carrier).,,Yes
7025370,35166_2023,chr1,237092510,T,C,RYR2,AD,c.48+49941T>C,Not provided,,,,1/104,intron_variant,MODIFIER,Het,13,0.571,Catecholaminergic polymorphic ventricular tachycardia,No,,No,unknown_db_phenotype,No phenotype text in DB (unknown),Not provided,Not provided,0,Not provided,Not provided,0,Not provided,0,0,Not provided,No database evidence,0.000007,v3,-1.000,Not provided,Not provided,Not provided,[],[],unknown,No,PM2_Moderate,"{""PM2_Moderate"": 2}",2,VUS,VUS,,,,PM2_Moderate: gnomAD max AF=7.27463e-06 < threshold 0.0001 for MOI AD,,,,,,,,,,,,,,No,No,,,,,Yes
7025370,35166_2023,chr1,237176141,T,A,RYR2,AD,c.49-94356T>A,Not provided,,,,1/104,intron_variant,MODIFIER,Het,25,0.520,Catecholaminergic polymorphic ventricular tachycardia,No,,No,unknown_db_phenotype,No phenotype text in DB (unknown),Not provided,Not provided,0,Not provided,Not provided,0,Not provided,0,0,Not provided,No database evidence,0.0,Unknown,-1.000,Not provided,Not provided,Not provided,[],[],unknown,No,PM2_Moderate,"{""PM2_Moderate"": 2}",2,VUS,VUS,,,,PM2_Moderate: gnomAD max AF=0 < threshold 0.0001 for MOI AD,,,,,,,,,,,,,,No,No,,,,,Yes
7025370,35166_2023,chr1,237326439,C,T,RYR2,AD,c.169-4439C>T,Not provided,,,,2/104,intron_variant,MODIFIER,Het,30,0.424,Catecholaminergic polymorphic ventricular tachycardia,No,,No,unknown_db_phenotype,No phenotype text in DB (unknown),Not provided,Not provided,0,Not provided,Not provided,0,Not provided,0,0,Not provided,No database evidence,0.0,Unknown,-1.000,Not provided,Not provided,Not provided,[],[],unknown,No,PM2_Moderate,"{""PM2_Moderate"": 2}",2,VUS,VUS,,,,PM2_Moderate: gnomAD max AF=0 < threshold 0.0001 for MOI AD,,,,,,,,,,,,,,No,No,,,,,Yes
7025370,35166_2023,chr1,237343155,C,T,RYR2,AD,c.273+12173C>T,Not provided,,,,3/104,intron_variant,MODIFIER,Het,38,0.590,Catecholaminergic polymorphic ventricular tachycardia,No,,No,unknown_db_phenotype,No phenotype text in DB (unknown),Not provided,Not provided,0,Not provided,Not provided,0,Not provided,0,0,Not provided,No database evidence,0.0,Unknown,-1.000,Not provided,Not provided,Not provided,[],[],unknown,No,PM2_Moderate,"{""PM2_Moderate"": 2}",2,VUS,VUS,,,,PM2_Moderate: gnomAD max AF=0 < threshold 0.0001 for MOI AD,,,,,,,,,,,,,,No,No,,,,,Yes
7025370,35166_2023,chr1,237366674,TCACACACA,T,RYR2,AD,c.309+2330_309+2337delACACACAC,Not provided,,,,5/104,intron_variant,MODIFIER,Het,16,0.765,Catecholaminergic polymorphic ventricular tachycardia,No,,No,unknown_db_phenotype,No phenotype text in DB (unknown),Not provided,Not provided,0,Not provided,Not provided,0,Not provided,0,0,Not provided,No database evidence,0.0,Unknown,-1.000,Not provided,0.000,Not provided,[],[],unknown,No,PM2_Moderate,"{""PM2_Moderate"": 2}",2,VUS,VUS,,,,PM2_Moderate: gnomAD max AF=0 < threshold 0.0001 for MOI AD,,,,,,,,,,,,,,No,No,,,,,Yes
7025370,35166_2023,chr1,237370068,A,T,RYR2,AD,c.384+460A>T,Not provided,,,,6/104,intron_variant,MODIFIER,Het,34,0.457,Catecholaminergic polymorphic ventricular tachycardia,No,,No,unknown_db_phenotype,No phenotype text in DB (unknown),Not provided,Not provided,0,Not provided,Not provided,0,Not provided,0,0,Not provided,No database evidence,0.000013,v3,-1.000,Not provided,Not provided,Not provided,[],[],unknown,No,PM2_Moderate,"{""PM2_Moderate"": 2}",2,VUS,VUS,,,,PM2_Moderate: gnomAD max AF=1.31855e-05 < threshold 0.0001 for MOI AD,,,,,,,,,,,,,,No,No,,,,,Yes
7025370,35166_2023,chr1,237442928,C,T,RYR2,AD,c.1170+1445C>T,Not provided,,,,13/104,intron_variant,MODIFIER,Het,34,0.378,Catecholaminergic polymorphic ventricular tachycardia,No,,No,unknown_db_phenotype,No phenotype text in DB (unknown),Not provided,Not provided,0,Not provided,Not provided,0,Not provided,0,0,Not provided,No database evidence,0.000013,v3,-1.000,Not provided,Not provided,Not provided,[],[],unknown,No,PM2_Moderate,"{""PM2_Moderate"": 2}",2,VUS,VUS,,,,PM2_Moderate: gnomAD max AF=1.31435e-05 < threshold 0.0001 for MOI AD,,,,,,,,,,,,,,No,No,,,,,Yes
7025370,35166_2023,chr1,237493291,C,T,RYR2,AD,c.1961+204C>T,Not provided,,,,19/104,intron_variant,MODIFIER,Het,29,0.467,Catecholaminergic polymorphic ventricular tachycardia,No,,No,unknown_db_phenotype,No phenotype text in DB (unknown),Not provided,Not provided,0,Not provided,Not provided,0,Not provided,0,0,Not provided,No database evidence,0.0,Unknown,-1.000,Not provided,Not provided,Not provided,[],[],unknown,No,PM2_Moderate,"{""PM2_Moderate"": 2}",2,VUS,VUS,,,,PM2_Moderate: gnomAD max AF=0 < threshold 0.0001 for MOI AD,,,,,,,,,,,,,,No,No,,,,,Yes
7025370,35166_2023,chr1,237546976,C,CATATATATATATATATATATATAT,RYR2,AD,c.2907-1435_2907-1434insATATATATATATATATATATATAT,Not provided,,,,25/104,intron_variant,MODIFIER,Het,23,0.259,Catecholaminergic polymorphic ventricular tachycardia,No,,No,unknown_db_phenotype,No phenotype text in DB (unknown),Not provided,Not provided,0,Not provided,Not provided,0,Not provided,0,0,Not provided,No database evidence,0.0,Unknown,-1.000,Not provided,0.000,Not provided,[],[],unknown,No,PM2_Moderate,"{""PM2_Moderate"": 2}",2,VUS,VUS,,,,PM2_Moderate: gnomAD max AF=0 < threshold 0.0001 for MOI AD,,,,,,,,,,,,,,No,No,,,,,Yes
7025370,35166_2023,chr1,237555039,G,A,RYR2,AD,c.3214+4348G>A,Not provided,,,,27/104,intron_variant,MODIFIER,Het,30,0.500,Catecholaminergic polymorphic ventricular tachycardia,No,,No,unknown_db_phenotype,No phenotype text in DB (unknown),Not provided,Not provided,0,Not provided,Not provided,0,Not provided,0,0,Not provided,No database evidence,0.000013,v3,-1.000,Not provided,Not provided,Not provided,[],[],unknown,No,PM2_Moderate,"{""PM2_Moderate"": 2}",2,VUS,VUS,,,,PM2_Moderate: gnomAD max AF=1.3153e-05 < threshold 0.0001 for MOI AD,,,,,,,,,,,,,,No,No,,,,,Yes
7025370,35166_2023,chr1,237561015,A,G,RYR2,AD,c.3215-5552A>G,Not provided,,,,27/104,intron_variant,MODIFIER,Het,16,0.368,Catecholaminergic polymorphic ventricular tachycardia,No,,No,unknown_db_phenotype,No phenotype text in DB (unknown),Not provided,Not provided,0,Not provided,Not provided,0,Not provided,0,0,Not provided,No database evidence,0.0,Unknown,-1.000,Not provided,Not provided,Not provided,[],[],unknown,No,PM2_Moderate,"{""PM2_Moderate"": 2}",2,VUS,VUS,,,,PM2_Moderate: gnomAD max AF=0 < threshold 0.0001 for MOI AD,,,,,,,,,,,,,,No,No,,,,,Yes
7025370,35166_2023,chr1,237578714,AGGTGGTGGG,A,RYR2,AD,c.3598+9396_3598+9404delGGTGGTGGG,Not provided,,,,29/104,intron_variant,MODIFIER,Het,40,0.475,Catecholaminergic polymorphic ventricular tachycardia,No,,No,unknown_db_phenotype,No phenotype text in DB (unknown),Not provided,Not provided,0,Not provided,Not provided,0,Not provided,0,0,Not provided,No database evidence,0.000013,v3,-1.000,Not provided,0.000,Not provided,[],[],unknown,No,PM2_Moderate,"{""PM2_Moderate"": 2}",2,VUS,VUS,,,,PM2_Moderate: gnomAD max AF=1.30883e-05 < threshold 0.0001 for MOI AD,,,,,,,,,,,,,,No,No,,,,,Yes
7025370,35166_2023,chr1,237594886,G,GTTTTTTTTGTTTT,RYR2,AD,c.4437-604_4437-603insGTTTTTTTTTTTT,Not provided,,,,33/104,intron_variant,MODIFIER,Het,16,0.611,Catecholaminergic polymorphic ventricular tachycardia,No,,No,unknown_db_phenotype,No phenotype text in DB (unknown),Not provided,Not provided,0,Not provided,Not provided,0,Not provided,0,0,Not provided,No database evidence,0.0,Unknown,-1.000,Not provided,0.000,Not provided,[],[],unknown,No,PM2_Moderate,"{""PM2_Moderate"": 2}",2,VUS,VUS,,,,PM2_Moderate: gnomAD max AF=0 < threshold 0.0001 for MOI AD,,,,,,,,,,,,,,No,No,,,,,Yes
7025370,35166_2023,chr1,237631688,C,A,RYR2,AD,c.6555+147C>A,Not provided,,,,42/104,intron_variant,MODIFIER,Het,16,0.750,Catecholaminergic polymorphic ventricular tachycardia,No,,No,unknown_db_phenotype,No phenotype text in DB (unknown),Not provided,Not provided,0,Not provided,Not provided,0,Not provided,0,0,Not provided,No database evidence,0.000020,v3,-1.000,Not provided,Not provided,Not provided,[],[],unknown,Yes,PM2_Moderate,"{""PM2_Moderate"": 2}",2,VUS,VUS,,,,PM2_Moderate: gnomAD max AF=2.01979e-05 < threshold 0.0001 for MOI AD,,,,,,,,,,,,,,No,No,,,Delins cluster (unphased) detected (cluster_id=2; members=chr1:237631688:C:A:7025370;chr1:237631691:G:A:7025370) - phasing required to confirm cis/trans.;Delins/overlap cluster (id=2) detected but not all members meet P/LP or >5pts -> not auto-escalated (possible carrier).,,Yes
7025370,35166_2023,chr1,237631691,G,A,RYR2,AD,c.6555+150G>A,Not provided,,,,42/104,intron_variant,MODIFIER,Het,16,0.750,Catecholaminergic polymorphic ventricular tachycardia,No,,No,unknown_db_phenotype,No phenotype text in DB (unknown),Not provided,Not provided,0,Not provided,Not provided,0,Not provided,0,0,Not provided,No database evidence,0.000078,v3,-1.000,Not provided,Not provided,Not provided,[],[],unknown,Yes,PM2_Moderate,"{""PM2_Moderate"": 2}",2,VUS,VUS,,,,PM2_Moderate: gnomAD max AF=7.84344e-05 < threshold 0.0001 for MOI AD,,,,,,,,,,,,,,No,No,,,Delins cluster (unphased) detected (cluster_id=2; members=chr1:237631688:C:A:7025370;chr1:237631691:G:A:7025370) - phasing required to confirm cis/trans.;Delins/overlap cluster (id=2) detected but not all members meet P/LP or >5pts -> not auto-escalated (possible carrier).,,Yes
7025370,35166_2023,chr1,237667610,A,T,RYR2,AD,c.8515-273A>T,Not provided,,,,57/104,intron_variant,MODIFIER,Het,40,0.463,Catecholaminergic polymorphic ventricular tachycardia,No,,No,unknown_db_phenotype,No phenotype text in DB (unknown),Not provided,Not provided,0,Not provided,Not provided,0,Not provided,0,0,Not provided,No database evidence,0.0,Unknown,-1.000,Not provided,Not provided,Not provided,[],[],unknown,No,PM2_Moderate,"{""PM2_Moderate"": 2}",2,VUS,VUS,,,,PM2_Moderate: gnomAD max AF=0 < threshold 0.0001 for MOI AD,,,,,,,,,,,,,,No,No,,,,,Yes
7025370,35166_2023,chr1,237682961,C,T,RYR2,AD,c.9017+2384C>T,Not provided,,,,62/104,intron_variant,MODIFIER,Het,34,0.571,Catecholaminergic polymorphic ventricular tachycardia,No,,No,unknown_db_phenotype,No phenotype text in DB (unknown),Not provided,Not provided,0,Not provided,Not provided,0,Not provided,0,0,Not provided,No database evidence,0.0,Unknown,-1.000,Not provided,Not provided,Not provided,[],[],unknown,No,PM2_Moderate,"{""PM2_Moderate"": 2}",2,VUS,VUS,,,,PM2_Moderate: gnomAD max AF=0 < threshold 0.0001 for MOI AD,,,,,,,,,,,,,,No,No,,,,,Yes
7025370,35166_2023,chr1,237785846,C,T,RYR2,AD,c.13261-123C>T,Not provided,,,,90/104,intron_variant,MODIFIER,Het,21,0.522,Catecholaminergic polymorphic ventricular tachycardia,No,,No,unknown_db_phenotype,No phenotype text in DB (unknown),Not provided,Not provided,0,Not provided,Not provided,0,Not provided,0,0,Not provided,No database evidence,0.0,Unknown,-1.000,Not provided,Not provided,Not provided,[],[],unknown,No,PM2_Moderate,"{""PM2_Moderate"": 2}",2,VUS,VUS,,,,PM2_Moderate: gnomAD max AF=0 < threshold 0.0001 for MOI AD,,,,,,,,,,,,,,No,No,,,,,Yes
7025370,35166_2023,chr10,43130139,C,T,RET,AD,c.*1870C>T,Not provided,,,,20/20,3_prime_UTR_variant,MODIFIER,Het,33,0.412,Familial medullary thyroid cancer; Multiple endocrine neoplasia type 2A; Multiple endocrine neoplasia type 2B,No,,No,mismatch,No overlap found,Hirschsprung_disease;_susceptibility_to;_1|Pheochromocytoma|Multiple_endocrine_neoplasia|Renal_hypodysplasia/aplasia_1,Benign/Likely_benign,1,Not provided,Not provided,0,Not provided,0,0,Not provided,ClinVar: Benign/Likely_benign (1*),0.0,Unknown,-1.000,Not provided,Not provided,Not provided,[],[],unknown,No,PM2_Moderate,"{""PM2_Moderate"": 2}",2,VUS,VUS,,,,PM2_Moderate: gnomAD max AF=0 < threshold 0.0001 for MOI AD,,,,,,,,,,,,,,No,No,,,Low quality ClinVar: Benign/Likely_benign (1 stars),,Yes
7025370,35166_2023,chr10,86751622,C,T,BMPR1A,AD,c.-5565C>T,Not provided,,,,,upstream_gene_variant,MODIFIER,Het,12,0.500,Juvenile polyposis syndrome,No,,No,unknown_db_phenotype,No phenotype text in DB (unknown),Not provided,Not provided,0,Not provided,Not provided,0,Not provided,0,0,Not provided,No database evidence,0.0,Unknown,-1.000,Not provided,Not provided,Not provided,[],[],unknown,No,PM2_Moderate,"{""PM2_Moderate"": 2}",2,VUS,VUS,,,,PM2_Moderate: gnomAD max AF=0 < threshold 0.0001 for MOI AD,,,,,,,,,,,,,,No,No,,,,,Yes
7025370,35166_2023,chr10,86781235,ATTC,A,BMPR1A,AD,c.-268+24321_-268+24323delTCT,Not provided,,,,1/12,intron_variant,MODIFIER,Het,40,0.450,Juvenile polyposis syndrome,No,,No,unknown_db_phenotype,No phenotype text in DB (unknown),Not provided,Not provided,0,Not provided,Not provided,0,Not provided,0,0,Not provided,No database evidence,0.0,Unknown,-1.000,Not provided,Not provided,Not provided,[],[],unknown,No,PM2_Moderate,"{""PM2_Moderate"": 2}",2,VUS,VUS,,,,PM2_Moderate: gnomAD max AF=0 < threshold 0.0001 for MOI AD,,,,,,,,,,,,,,No,No,,,,,Yes
7025370,35166_2023,chr10,86814002,T,G,BMPR1A,AD,c.-267-24863T>G,Not provided,,,,1/12,intron_variant,MODIFIER,Het,30,0.455,Juvenile polyposis syndrome,No,,No,unknown_db_phenotype,No phenotype text in DB (unknown),Not provided,Not provided,0,Not provided,Not provided,0,Not provided,0,0,Not provided,No database evidence,0.0,Unknown,-1.000,Not provided,Not provided,Not provided,[],[],unknown,No,PM2_Moderate,"{""PM2_Moderate"": 2}",2,VUS,VUS,,,,PM2_Moderate: gnomAD max AF=0 < threshold 0.0001 for MOI AD,,,,,,,,,,,,,,No,No,,,,,Yes
7025370,35166_2023,chr10,86890841,T,C,BMPR1A,AD,c.230+617T>C,Not provided,,,,4/12,intron_variant,MODIFIER,Het,36,0.436,Juvenile polyposis syndrome,No,,No,unknown_db_phenotype,No phenotype text in DB (unknown),Not provided,Not provided,0,Not provided,Not provided,0,Not provided,0,0,Not provided,No database evidence,0.000007,v3,-1.000,Not provided,Not provided,Not provided,[],[],unknown,No,PM2_Moderate,"{""PM2_Moderate"": 2}",2,VUS,VUS,,,,PM2_Moderate: gnomAD max AF=6.56961e-06 < threshold 0.0001 for MOI AD,,,,,,,,,,,,,,No,No,,,,,Yes
7025370,35166_2023,chr10,86906680,C,T,BMPR1A,AD,c.531-5560C>T,Not provided,,,,7/12,intron_variant,MODIFIER,Hom,14,1.000,Juvenile polyposis syndrome,No,,No,unknown_db_phenotype,No phenotype text in DB (unknown),Not provided,Not provided,0,Not provided,Not provided,0,Not provided,0,0,Not provided,No database evidence,0.0,Unknown,-1.000,Not provided,Not provided,Not provided,[],[],unknown,No,PM2_Moderate,"{""PM2_Moderate"": 2}",2,VUS,VUS,,,,PM2_Moderate: gnomAD max AF=0 < threshold 0.0001 for MOI AD,,,,,,,,,,,,,,No,No,,,,,Yes
7025370,35166_2023,chr10,87953365,G,A,PTEN,AD,c.43+1106G>A,Not provided,,,,6/8,intron_variant,MODIFIER,Het,23,0.542,PTEN hamartoma tumor syndrome,No,,No,unknown_db_phenotype,No phenotype text in DB (unknown),Not provided,Not provided,0,Not provided,Not provided,0,Not provided,0,0,Not provided,No database evidence,0.0,Unknown,-1.000,Not provided,Not provided,Not provided,[],[],unknown,No,PM2_Moderate,"{""PM2_Moderate"": 2}",2,VUS,VUS,,,,PM2_Moderate: gnomAD max AF=0 < threshold 0.0001 for MOI AD,,,,,,,,,,,,,,No,No,,,,,Yes
7025370,35166_2023,chr10,87969248,C,T,PTEN,AD,c.*3776C>T,Not provided,,,,10/10,3_prime_UTR_variant,MODIFIER,Het,32,0.486,PTEN hamartoma tumor syndrome,No,,No,unknown_db_phenotype,No phenotype text in DB (unknown),Not provided,Not provided,0,Not provided,Not provided,0,Not provided,0,0,Not provided,No database evidence,0.0,Unknown,-1.000,Not provided,Not provided,Not provided,[],[],unknown,No,PM2_Moderate,"{""PM2_Moderate"": 2}",2,VUS,VUS,,,,PM2_Moderate: gnomAD max AF=0 < threshold 0.0001 for MOI AD,,,,,,,,,,,,,,No,No,,,,,Yes
7025370,35166_2023,chr10,88983636,AAAACAC,A,ACTA2,AD,c.-24+7297_-24+7302delGTGTTT,Not provided,,,,1/8,intron_variant,MODIFIER,Het,30,0.300,Familial thoracic aortic aneurysm,Yes,"RULES_PRESENT_NO_MATCH: Include if Impact is ""MODERATE"" or ""LOW"";RULES_PRESENT_NO_MATCH: Include if Impact is ""MODERATE"" or ""LOW""",No,unknown_db_phenotype,No phenotype text in DB (unknown),Not provided,Not provided,0,Not provided,Not provided,0,Not provided,0,0,Not provided,No database evidence,0.0,Unknown,-1.000,Not provided,Not provided,Not provided,[],[],unknown,No,PM2_Moderate,"{""PM2_Moderate"": 2}",2,VUS,VUS,,,,PM2_Moderate: gnomAD max AF=0 < threshold 0.0001 for MOI AD,,,,,,,,,,,,,,No,No,,,,,Yes
7025370,35166_2023,chr10,110773218,G,A,RBM20,AD,c.192-7583G>A,Not provided,,,,1/13,intron_variant,MODIFIER,Het,26,0.593,Dliated cardiomyopathy,No,,No,unknown_db_phenotype,No phenotype text in DB (unknown),Not provided,Not provided,0,Not provided,Not provided,0,Not provided,0,0,Not provided,No database evidence,0.0,Unknown,-1.000,Not provided,Not provided,Not provided,[],[],unknown,No,PM2_Moderate,"{""PM2_Moderate"": 2}",2,VUS,VUS,,,,PM2_Moderate: gnomAD max AF=0 < threshold 0.0001 for MOI AD,,,,,,,,,,,,,,No,No,,,,,Yes
7025370,35166_2023,chr11,2499012,G,A,KCNQ1,AD,c.387-28916G>A,Not provided,,,,1/15,intron_variant,MODIFIER,Het,20,0.350,Long-QT syndrome type 1,No,,No,unknown_db_phenotype,No phenotype text in DB (unknown),Not provided,Not provided,0,Not provided,Not provided,0,Not provided,0,0,Not provided,No database evidence,0.0,Unknown,-1.000,Not provided,Not provided,Not provided,[],[],unknown,No,PM2_Moderate,"{""PM2_Moderate"": 2}",2,VUS,VUS,,,,PM2_Moderate: gnomAD max AF=0 < threshold 0.0001 for MOI AD,,,,,,,,,,,,,,No,No,,,,,Yes
7025370,35166_2023,chr11,2506911,G,A,KCNQ1,AD,c.387-21017G>A,Not provided,,,,1/15,intron_variant,MODIFIER,Het,44,0.467,Long-QT syndrome type 1,No,,No,unknown_db_phenotype,No phenotype text in DB (unknown),Not provided,Not provided,0,Not provided,Not provided,0,Not provided,0,0,Not provided,No database evidence,0.0,Unknown,-1.000,Not provided,Not provided,Not provided,[],[],unknown,No,PM2_Moderate,"{""PM2_Moderate"": 2}",2,VUS,VUS,,,,PM2_Moderate: gnomAD max AF=0 < threshold 0.0001 for MOI AD,,,,,,,,,,,,,,No,No,,,,,Yes
7025370,35166_2023,chr11,2552383,G,A,KCNQ1,AD,c.478-18245G>A,Not provided,,,,2/15,intron_variant,MODIFIER,Het,29,0.467,Long-QT syndrome type 1,No,,No,unknown_db_phenotype,No phenotype text in DB (unknown),Not provided,Not provided,0,Not provided,Not provided,0,Not provided,0,0,Not provided,No database evidence,0.000026,v3,-1.000,Not provided,Not provided,Not provided,[],[],unknown,No,PM2_Moderate,"{""PM2_Moderate"": 2}",2,VUS,VUS,,,,PM2_Moderate: gnomAD max AF=2.62826e-05 < threshold 0.0001 for MOI AD,,,,,,,,,,,,,,No,No,,,,,Yes
7025370,35166_2023,chr11,2557343,G,A,KCNQ1,AD,c.478-13285G>A,Not provided,,,,2/15,intron_variant,MODIFIER,Het,26,0.556,Long-QT syndrome type 1,No,,No,unknown_db_phenotype,No phenotype text in DB (unknown),Not provided,Not provided,0,Not provided,Not provided,0,Not provided,0,0,Not provided,No database evidence,0.000032,v2,-1.000,Not provided,Not provided,Not provided,[],[],unknown,No,PM2_Moderate,"{""PM2_Moderate"": 2}",2,VUS,VUS,,,,PM2_Moderate: gnomAD max AF=3.18512e-05 < threshold 0.0001 for MOI AD,,,,,,,,,,,,,,No,No,,,,,Yes
7025370,35166_2023,chr11,2558087,A,T,KCNQ1,AD,c.478-12541A>T,Not provided,,,,2/15,intron_variant,MODIFIER,Het,40,0.372,Long-QT syndrome type 1,No,,No,unknown_db_phenotype,No phenotype text in DB (unknown),Not provided,Not provided,0,Not provided,Not provided,0,Not provided,0,0,Not provided,No database evidence,0.000007,v3,-1.000,Not provided,Not provided,Not provided,[],[],unknown,No,PM2_Moderate,"{""PM2_Moderate"": 2}",2,VUS,VUS,,,,PM2_Moderate: gnomAD max AF=6.56875e-06 < threshold 0.0001 for MOI AD,,,,,,,,,,,,,,No,No,,,,,Yes
7025370,35166_2023,chr11,2559249,C,T,KCNQ1,AD,c.478-11379C>T,Not provided,,,,2/15,intron_variant,MODIFIER,Het,23,0.667,Long-QT syndrome type 1,No,,No,unknown_db_phenotype,No phenotype text in DB (unknown),Not provided,Not provided,0,Not provided,Not provided,0,Not provided,0,0,Not provided,No database evidence,0.000007,v3,-1.000,Not provided,Not provided,Not provided,[],[],unknown,No,PM2_Moderate,"{""PM2_Moderate"": 2}",2,VUS,VUS,,,,PM2_Moderate: gnomAD max AF=6.57393e-06 < threshold 0.0001 for MOI AD,,,,,,,,,,,,,,No,No,,,,,Yes
7025370,35166_2023,chr11,2559907,G,A,KCNQ1,AD,c.478-10721G>A,Not provided,,,,2/15,intron_variant,MODIFIER,Het,14,0.667,Long-QT syndrome type 1,No,,No,unknown_db_phenotype,No phenotype text in DB (unknown),Not provided,Not provided,0,Not provided,Not provided,0,Not provided,0,0,Not provided,No database evidence,0.0,Unknown,-1.000,Not provided,Not provided,Not provided,[],[],unknown,No,PM2_Moderate,"{""PM2_Moderate"": 2}",2,VUS,VUS,,,,PM2_Moderate: gnomAD max AF=0 < threshold 0.0001 for MOI AD,,,,,,,,,,,,,,No,No,,,,,Yes
7025370,35166_2023,chr11,2587200,T,C,KCNQ1,AD,c.1129-370T>C,Not provided,,,,8/15,intron_variant,MODIFIER,Het,29,0.548,Long-QT syndrome type 1,No,,No,unknown_db_phenotype,No phenotype text in DB (unknown),Not provided,Not provided,0,Not provided,Not provided,0,Not provided,0,0,Not provided,No database evidence,0.000007,v3,-1.000,Not provided,Not provided,Not provided,[],[],unknown,No,PM2_Moderate,"{""PM2_Moderate"": 2}",2,VUS,VUS,,,,PM2_Moderate: gnomAD max AF=6.57065e-06 < threshold 0.0001 for MOI AD,,,,,,,,,,,,,,No,No,,,,,Yes
7025370,35166_2023,chr11,2790851,C,T,KCNQ1,AD,c.1413+12814C>T,Not provided,,,,15/15,intron_variant,MODIFIER,Het,24,0.481,Long-QT syndrome type 1,No,,No,unknown_db_phenotype,No phenotype text in DB (unknown),Not provided,Not provided,0,Not provided,Not provided,0,Not provided,0,0,Not provided,No database evidence,0.000099,v3,-1.000,Not provided,Not provided,Not provided,[],[],unknown,No,PM2_Moderate,"{""PM2_Moderate"": 2}",2,VUS,VUS,,,,PM2_Moderate: gnomAD max AF=9.85584e-05 < threshold 0.0001 for MOI AD,,,,,,,,,,,,,,No,No,,,,,Yes
7025370,35166_2023,chr11,61444273,T,C,SDHAF2,AD,c.371-1668T>C,Not provided,,,,3/3,intron_variant,MODIFIER,Het,18,0.526,Hereditary paraganglioma-pheochromocytoma syndrome,No,,No,unknown_db_phenotype,No phenotype text in DB (unknown),Not provided,Not provided,0,Not provided,Not provided,0,Not provided,0,0,Not provided,No database evidence,0.000013,v3,-1.000,Not provided,Not provided,Not provided,[],[],unknown,No,PM2_Moderate,"{""PM2_Moderate"": 2}",2,VUS,VUS,,,,PM2_Moderate: gnomAD max AF=1.31415e-05 < threshold 0.0001 for MOI AD,,,,,,,,,,,,,,No,No,,,,,Yes
7025370,35166_2023,chr12,32895167,T,C,PKP2,AD,c.223+1342A>G,Not provided,,,,1/12,intron_variant,MODIFIER,Het,26,0.593,Arrhythmogenic right ventricular cardiomyopathy,No,,No,unknown_db_phenotype,No phenotype text in DB (unknown),Not provided,Not provided,0,Not provided,Not provided,0,Not provided,0,0,Not provided,No database evidence,0.0,Unknown,-1.000,Not provided,Not provided,Not provided,[],[],unknown,No,PM2_Moderate,"{""PM2_Moderate"": 2}",2,VUS,VUS,,,,PM2_Moderate: gnomAD max AF=0 < threshold 0.0001 for MOI AD,,,,,,,,,,,,,,No,No,,,,,Yes
7025370,35166_2023,chr12,110920064,T,G,MYL2,AD,c.3+463A>C,Not provided,,,,1/6,intron_variant,MODIFIER,Het,39,0.512,Hypertrophic cardiomyopathy,No,,No,unknown_db_phenotype,No phenotype text in DB (unknown),Not provided,Not provided,0,Not provided,Not provided,0,Not provided,0,0,Not provided,No database evidence,0.0,Unknown,-1.000,Not provided,Not provided,Not provided,[],[],unknown,No,PM2_Moderate,"{""PM2_Moderate"": 2}",2,VUS,VUS,,,,PM2_Moderate: gnomAD max AF=0 < threshold 0.0001 for MOI AD,,,,,,,,,,,,,,No,No,,,,,Yes
7025370,35166_2023,chr13,32329723,A,G,BRCA2,AD,c.681+231A>G,Not provided,,,,8/26,intron_variant,MODIFIER,Het,36,0.500,Hereditary breast and ovarian cancer,No,,No,unknown_db_phenotype,No phenotype text in DB (unknown),Not provided,Not provided,0,Not provided,Not provided,0,Not provided,0,0,Not provided,No database evidence,0.0,Unknown,-1.000,Not provided,Not provided,Not provided,[],[],unknown,No,PM2_Moderate,"{""PM2_Moderate"": 2}",2,VUS,VUS,,,,PM2_Moderate: gnomAD max AF=0 < threshold 0.0001 for MOI AD,,,,,,,,,,,,,,No,No,,,,,Yes
7025370,35166_2023,chr13,48403320,C,T,RB1,AD,c.1695+21877C>T,Not provided,,,,17/26,intron_variant,MODIFIER,Het,33,0.444,Retinoblastoma,No,,No,unknown_db_phenotype,No phenotype text in DB (unknown),Not provided,Not provided,0,Not provided,Not provided,0,Not provided,0,0,Not provided,No database evidence,0.0,Unknown,-1.000,Not provided,Not provided,Not provided,[],[],unknown,No,PM2_Moderate,"{""PM2_Moderate"": 2}",2,VUS,VUS,,,,PM2_Moderate: gnomAD max AF=0 < threshold 0.0001 for MOI AD,,,,,,,,,,,,,,No,No,,,,,Yes
7025370,35166_2023,chr13,51931915,A,G,ATP7B,AR,c.*2841T>C,Not provided,,,,,downstream_gene_variant,MODIFIER,Het,21,0.545,Wilson disease,No,,No,unknown_db_phenotype,No phenotype text in DB (unknown),Not provided,Not provided,0,Not provided,Not provided,0,Not provided,0,0,Not provided,No database evidence,0.0,Unknown,-1.000,Not provided,Not provided,Not provided,[],[],unknown,No,PM2_Moderate,"{""PM2_Moderate"": 2}",2,VUS,VUS,,,,PM2_Moderate: gnomAD max AF=0 < threshold 0.005 for MOI AR,,,,,,,,,,,,,,No,No,,,,,Yes
7025370,35166_2023,chr13,52009856,G,A,ATP7B,AR,c.51+1431C>T,Not provided,,,,1/16,intron_variant,MODIFIER,Het,32,0.469,Wilson disease,No,,No,unknown_db_phenotype,No phenotype text in DB (unknown),Not provided,Not provided,0,Not provided,Not provided,0,Not provided,0,0,Not provided,No database evidence,0.0,Unknown,-1.000,Not provided,Not provided,Not provided,[],[],unknown,No,PM2_Moderate,"{""PM2_Moderate"": 2}",2,VUS,VUS,,,,PM2_Moderate: gnomAD max AF=0 < threshold 0.005 for MOI AR,,,,,,,,,,,,,,No,No,,,,,Yes
7025370,35166_2023,chr15,48429599,G,A,FBN1,AD,c.6871+1072C>T,Not provided,,,,56/65,intron_variant,MODIFIER,Het,41,0.452,Marfan syndrome,No,,No,unknown_db_phenotype,No phenotype text in DB (unknown),Not provided,Not provided,0,Not provided,Not provided,0,Not provided,0,0,Not provided,No database evidence,0.000191,v3,-1.000,Not provided,Not provided,Not provided,[],[],unknown,No,,{},0,VUS,VUS,,,,,,,,,,,,,,,,,,No,No,,,,,Yes
7025370,35166_2023,chr15,48568207,A,T,FBN1,AD,c.538+28076T>A,Not provided,,,,6/65,intron_variant,MODIFIER,Het,20,0.550,Marfan syndrome,No,,No,unknown_db_phenotype,No phenotype text in DB (unknown),Not provided,Not provided,0,Not provided,Not provided,0,Not provided,0,0,Not provided,No database evidence,0.0,Unknown,-1.000,Not provided,Not provided,Not provided,[],[],unknown,No,PM2_Moderate,"{""PM2_Moderate"": 2}",2,VUS,VUS,,,,PM2_Moderate: gnomAD max AF=0 < threshold 0.0001 for MOI AD,,,,,,,,,,,,,,No,No,,,,,Yes
7025370,35166_2023,chr15,48589715,G,A,FBN1,AD,c.538+6568C>T,Not provided,,,,6/65,intron_variant,MODIFIER,Het,19,0.455,Marfan syndrome,No,,No,unknown_db_phenotype,No phenotype text in DB (unknown),Not provided,Not provided,0,Not provided,Not provided,0,Not provided,0,0,Not provided,No database evidence,0.0,Unknown,-1.000,Not provided,Not provided,Not provided,[],[],unknown,No,PM2_Moderate,"{""PM2_Moderate"": 2}",2,VUS,VUS,,,,PM2_Moderate: gnomAD max AF=0 < threshold 0.0001 for MOI AD,,,,,,,,,,,,,,No,No,,,,,Yes
7025370,35166_2023,chr15,67067398,C,G,SMAD3,AD,c.206+1038C>G,Not provided,,,,1/8,intron_variant,MODIFIER,Het,30,0.500,Loeys-Dietz syndrome,No,,No,unknown_db_phenotype,No phenotype text in DB (unknown),Not provided,Not provided,0,Not provided,Not provided,0,Not provided,0,0,Not provided,No database evidence,0.0,Unknown,-1.000,Not provided,Not provided,Not provided,[],[],unknown,No,PM2_Moderate,"{""PM2_Moderate"": 2}",2,VUS,VUS,,,,PM2_Moderate: gnomAD max AF=0 < threshold 0.0001 for MOI AD,,,,,,,,,,,,,,No,No,,,,,Yes
7025370,35166_2023,chr15,67106797,A,C,SMAD3,AD,c.206+40437A>C,Not provided,,,,1/8,intron_variant,MODIFIER,Het,24,0.577,Loeys-Dietz syndrome,No,,No,unknown_db_phenotype,No phenotype text in DB (unknown),Not provided,Not provided,0,Not provided,Not provided,0,Not provided,0,0,Not provided,No database evidence,0.000033,v3,-1.000,Not provided,Not provided,Not provided,[],[],unknown,No,PM2_Moderate,"{""PM2_Moderate"": 2}",2,VUS,VUS,,,,PM2_Moderate: gnomAD max AF=3.2861e-05 < threshold 0.0001 for MOI AD,,,,,,,,,,,,,,No,No,,,,,Yes
7025370,35166_2023,chr16,2069565,T,C,TSC2,AD,c.1117-891T>C,Not provided,,,,13/37,intron_variant,MODIFIER,Het,22,0.435,Tuberous sclerosis complex,No,,No,unknown_db_phenotype,No phenotype text in DB (unknown),Not provided,Not provided,0,Not provided,Not provided,0,Not provided,0,0,Not provided,No database evidence,0.000059,v3,-1.000,Not provided,Not provided,Not provided,[],[],unknown,No,PM2_Moderate,"{""PM2_Moderate"": 2}",2,VUS,VUS,,,,PM2_Moderate: gnomAD max AF=5.93065e-05 < threshold 0.0001 for MOI AD,,,,,,,,,,,,,,No,No,,,,,Yes
7025370,35166_2023,chr16,2072130,G,A,TSC2,AD,c.1498-111G>A,Not provided,,,,16/37,intron_variant,MODIFIER,Het,15,0.600,Tuberous sclerosis complex,No,,No,unknown_db_phenotype,No phenotype text in DB (unknown),Not provided,Not provided,0,Not provided,Not provided,0,Not provided,0,0,Not provided,No database evidence,0.0,Unknown,-1.000,Not provided,Not provided,Not provided,[],[],unknown,No,PM2_Moderate,"{""PM2_Moderate"": 2}",2,VUS,VUS,,,,PM2_Moderate: gnomAD max AF=0 < threshold 0.0001 for MOI AD,,,,,,,,,,,,,,No,No,,,,,Yes
7025370,35166_2023,chr16,15740623,A,T,MYH11,AD,c.2860-435T>A,Not provided,,,,22/40,intron_variant,MODIFIER,Het,27,0.571,Familial thoracic aortic aneurysm,No,,No,unknown_db_phenotype,No phenotype text in DB (unknown),Not provided,Not provided,0,Not provided,Not provided,0,Not provided,0,0,Not provided,No database evidence,0.0,Unknown,-1.000,Not provided,Not provided,Not provided,[],[],unknown,No,PM2_Moderate,"{""PM2_Moderate"": 2}",2,VUS,VUS,,,,PM2_Moderate: gnomAD max AF=0 < threshold 0.0001 for MOI AD,,,,,,,,,,,,,,No,No,,,,,Yes
7025370,35166_2023,chr16,15832943,C,CTTT,MYH11,AD,c.345+4962_345+4964dupAAA,Not provided,,,,2/40,intron_variant,MODIFIER,Het,14,0.211,Familial thoracic aortic aneurysm,No,,No,unknown_db_phenotype,No phenotype text in DB (unknown),Not provided,Not provided,0,Not provided,Not provided,0,Not provided,0,0,Not provided,No database evidence,0.0,Unknown,-1.000,Not provided,0.000,Not provided,[],[],unknown,No,PM2_Moderate,"{""PM2_Moderate"": 2}",2,VUS,VUS,,,,PM2_Moderate: gnomAD max AF=0 < threshold 0.0001 for MOI AD,,,,,,,,,,,,,,No,No,,,,,Yes
7025370,35166_2023,chr16,15839500,C,T,MYH11,AD,c.-17-1231G>A,Not provided,,,,1/40,intron_variant,MODIFIER,Het,21,0.409,Familial thoracic aortic aneurysm,No,,No,unknown_db_phenotype,No phenotype text in DB (unknown),Not provided,Not provided,0,Not provided,Not provided,0,Not provided,0,0,Not provided,No database evidence,0.0,Unknown,-1.000,Not provided,Not provided,Not provided,[],[],unknown,No,PM2_Moderate,"{""PM2_Moderate"": 2}",2,VUS,VUS,,,,PM2_Moderate: gnomAD max AF=0 < threshold 0.0001 for MOI AD,,,,,,,,,,,,,,No,No,,,,,Yes
7025370,35166_2023,chr16,23619788,A,AT,PALB2,AD,c.3113+1573dupA,Not provided,,,,10/12,intron_variant,MODIFIER,Het,37,0.684,Hereditary breast cancer,No,,No,unknown_db_phenotype,No phenotype text in DB (unknown),Not provided,Not provided,0,Not provided,Not provided,0,Not provided,0,0,Not provided,No database evidence,0.0,Unknown,-1.000,Not provided,Not provided,Not provided,[],[],unknown,No,PM2_Moderate,"{""PM2_Moderate"": 2}",2,VUS,VUS,,,,PM2_Moderate: gnomAD max AF=0 < threshold 0.0001 for MOI AD,,,,,,,,,,,,,,No,No,,,,,Yes
7025370,35166_2023,chr16,23641315,C,G,PALB2,AD,c.-158G>C,Not provided,,,,,upstream_gene_variant,MODIFIER,Het,29,0.367,Hereditary breast cancer,No,,Yes,token_match,"Shared terms: breast, cancer, hereditary",not_provided|Familial_cancer_of_breast|Fanconi_anemia_complementation_group_N|Hereditary_cancer-predisposing_syndrome,Conflicting_classifications_of_pathogenicity,1,Not provided,Not provided,0,Not provided,0,0,Not provided,ClinVar: Conflicting_classifications_of_pathogenicity (1*),0.0,Unknown,-1.000,Not provided,Not provided,Not provided,[],[],unknown,No,PM2_Moderate,"{""PM2_Moderate"": 2}",2,VUS,VUS,,,,PM2_Moderate: gnomAD max AF=0 < threshold 0.0001 for MOI AD,,,,,,,,,,,,,,No,No,,,Low quality ClinVar: Conflicting_classifications_of_pathogenicity (1 stars),,Yes
7025370,35166_2023,chr16,23645083,CTA,C,PALB2,AD,c.-3928_-3927delTA,Not provided,,,,,upstream_gene_variant,MODIFIER,Het,12,0.923,Hereditary breast cancer,No,,No,unknown_db_phenotype,No phenotype text in DB (unknown),Not provided,Not provided,0,Not provided,Not provided,0,Not provided,0,0,Not provided,No database evidence,0.0,Unknown,-1.000,Not provided,Not provided,Not provided,[],[],unknown,No,PM2_Moderate,"{""PM2_Moderate"": 2}",2,VUS,VUS,,,,PM2_Moderate: gnomAD max AF=0 < threshold 0.0001 for MOI AD,,,,,,,,,,,,,,No,No,,,,,Yes
7025370,35166_2023,chr17,43128854,C,G,BRCA1,AD,c.-3597G>C,Not provided,,,,,upstream_gene_variant,MODIFIER,Het,41,0.452,Hereditary breast and ovarian cancer,No,,No,unknown_db_phenotype,No phenotype text in DB (unknown),Not provided,Not provided,0,Not provided,Not provided,0,Not provided,0,0,Not provided,No database evidence,0.0,Unknown,-1.000,Not provided,Not provided,Not provided,[],[],unknown,No,PM2_Moderate,"{""PM2_Moderate"": 2}",2,VUS,VUS,,,,PM2_Moderate: gnomAD max AF=0 < threshold 0.0001 for MOI AD,,,,,,,,,,,,,,No,No,,,,,Yes
7025370,35166_2023,chr17,80103913,T,C,GAA,AR,c.-32-642T>C,Not provided,,,,1/19,intron_variant,MODIFIER,Het,32,0.594,Pompe disease,No,,No,unknown_db_phenotype,No phenotype text in DB (unknown),Not provided,Not provided,0,Not provided,Not provided,0,Not provided,0,0,Not provided,No database evidence,0.0,Unknown,-1.000,Not provided,Not provided,Not provided,[],[],unknown,No,PM2_Moderate,"{""PM2_Moderate"": 2}",2,VUS,VUS,,,,PM2_Moderate: gnomAD max AF=0 < threshold 0.005 for MOI AR,,,,,,,,,,,,,,No,No,,,,,Yes
7025370,35166_2023,chr18,31092107,T,C,DSC2,AD,c.348A>G,p.Gln116Gln,,,116,3/16,synonymous_variant,LOW,Het,44,0.468,Arrhythmogenic right ventricular cardiomyopathy,No,,No,N/A,N/A,Cardiovascular_phenotype|Familial_isolated_arrhythmogenic_right_ventricular_dysplasia|not_specified|not_provided|Cardiomyopathy|Arrhythmogenic_right_ventricular_dysplasia_11,Benign/Likely_benign,2,Not provided,Not provided,0,Not provided,0,0,Not provided,ClinVar: Benign/Likely_benign (2*),0.0,Unknown,-1.000,Not provided,Not provided,Not provided,[],[],unknown,No,PM2_Moderate,"{""PM2_Moderate"": 2}",2,VUS,VUS,,,,PM2_Moderate: gnomAD max AF=0 < threshold 0.0001 for MOI AD,,,,,,,,,,,,,,No,No,,,Filtered: HQ Benign (ClinVar≥2★ or HGMD benign or Internal DB benign),Filtered: HQ Benign (ClinVar≥2★ or HGMD benign or Internal DB benign),Yes
7025370,35166_2023,chr18,31498173,C,G,DSG2,AD,c.-79C>G,Not provided,,,,,upstream_gene_variant,MODIFIER,Het,18,0.500,Arrhythmogenic right ventricular cardiomyopathy,No,,Yes,token_match,"Shared terms: arrhythmogenic, right, ventricular",not_provided|Arrhythmogenic_right_ventricular_dysplasia_10,Conflicting_classifications_of_pathogenicity,1,Not provided,Not provided,0,Not provided,0,0,Not provided,ClinVar: Conflicting_classifications_of_pathogenicity (1*),0.0,Unknown,-1.000,Not provided,Not provided,Not provided,[],[],unknown,No,PM2_Moderate,"{""PM2_Moderate"": 2}",2,VUS,VUS,,,,PM2_Moderate: gnomAD max AF=0 < threshold 0.0001 for MOI AD,,,,,,,,,,,,,,No,No,,,Low quality ClinVar: Conflicting_classifications_of_pathogenicity (1 stars),,Yes
7025370,35166_2023,chr18,31526270,G,A,DSG2,AD,c.1014+1382G>A,Not provided,,,,8/14,intron_variant,MODIFIER,Het,44,0.578,Arrhythmogenic right ventricular cardiomyopathy,No,,No,unknown_db_phenotype,No phenotype text in DB (unknown),Not provided,Not provided,0,Not provided,Not provided,0,Not provided,0,0,Not provided,No database evidence,0.0,Unknown,-1.000,Not provided,Not provided,Not provided,[],[],unknown,No,PM2_Moderate,"{""PM2_Moderate"": 2}",2,VUS,VUS,,,,PM2_Moderate: gnomAD max AF=0 < threshold 0.0001 for MOI AD,,,,,,,,,,,,,,No,No,,,,,Yes
7025370,35166_2023,chr18,31540884,A,T,DSG2,AD,c.1880-309A>T,Not provided,,,,12/14,intron_variant,MODIFIER,Het,35,0.528,Arrhythmogenic right ventricular cardiomyopathy,No,,No,unknown_db_phenotype,No phenotype text in DB (unknown),Not provided,Not provided,0,Not provided,Not provided,0,Not provided,0,0,Not provided,No database evidence,0.0,Unknown,-1.000,Not provided,Not provided,Not provided,[],[],unknown,No,PM2_Moderate,"{""PM2_Moderate"": 2}",2,VUS,VUS,,,,PM2_Moderate: gnomAD max AF=0 < threshold 0.0001 for MOI AD,,,,,,,,,,,,,,No,No,,,,,Yes
7025370,35166_2023,chr18,51042910,A,G,SMAD4,AD,c.-127-4010A>G,Not provided,,,,1/11,intron_variant,MODIFIER,Het,34,0.571,Juvenile polyposis syndrome; Hereditary hemorrhagic telangiectasia,Yes,"RULES_PRESENT_NO_MATCH: Exclude if HGVSp contains any of: [""p.Arg496Cys"", ""p.Ile500Val"", ""p.Ile500Thr"", ""p.Ile500Met""];RULES_PRESENT_NO_MATCH: Exclude if HGVSp contains any of: [""p.Arg496Cys"", ""p.Ile500Val"", ""p.Ile500Thr"", ""p.Ile500Met""]",No,unknown_db_phenotype,No phenotype text in DB (unknown),Not provided,Not provided,0,Not provided,Not provided,0,Not provided,0,0,Not provided,No database evidence,0.0,Unknown,-1.000,Not provided,Not provided,Not provided,[],[],unknown,No,PM2_Moderate,"{""PM2_Moderate"": 2}",2,VUS,VUS,,,,PM2_Moderate: gnomAD max AF=0 < threshold 0.0001 for MOI AD,,,,,,,,,,,,,,No,No,,,,,Yes
7025370,35166_2023,chr19,1203488,C,T,STK11,AD,c.-3426C>T,Not provided,,,,,upstream_gene_variant,MODIFIER,Het,25,0.423,Peutz-Jeghers syndrome,No,,No,unknown_db_phenotype,No phenotype text in DB (unknown),Not provided,Not provided,0,Not provided,Not provided,0,Not provided,0,0,Not provided,No database evidence,0.0,Unknown,-1.000,Not provided,Not provided,Not provided,[],[],unknown,No,PM2_Moderate,"{""PM2_Moderate"": 2}",2,VUS,VUS,,,,PM2_Moderate: gnomAD max AF=0 < threshold 0.0001 for MOI AD,,,,,,,,,,,,,,No,No,,,,,Yes
7025370,35166_2023,chr19,38439611,A,G,RYR1,AD,c.46-1134A>G,Not provided,,,,1/104,intron_variant,MODIFIER,Het,25,0.520,Malignant hyperthermia,No,,No,unknown_db_phenotype,No phenotype text in DB (unknown),Not provided,Not provided,0,Not provided,Not provided,0,Not provided,0,0,Not provided,No database evidence,0.0,Unknown,-1.000,Not provided,Not provided,Not provided,[],[],unknown,No,PM2_Moderate,"{""PM2_Moderate"": 2}",2,VUS,VUS,,,,PM2_Moderate: gnomAD max AF=0 < threshold 0.0001 for MOI AD,,,,,,,,,,,,,,No,No,,,,,Yes
7025370,35166_2023,chr19,38449262,C,A,RYR1,AD,c.1122+449C>A,Not provided,,,,11/104,intron_variant,MODIFIER,Het,15,0.400,Malignant hyperthermia,No,,No,unknown_db_phenotype,No phenotype text in DB (unknown),Not provided,Not provided,0,Not provided,Not provided,0,Not provided,0,0,Not provided,No database evidence,0.0,Unknown,-1.000,Not provided,Not provided,Not provided,[],[],unknown,No,PM2_Moderate,"{""PM2_Moderate"": 2}",2,VUS,VUS,,,,PM2_Moderate: gnomAD max AF=0 < threshold 0.0001 for MOI AD,,,,,,,,,,,,,,No,No,,,,,Yes
7025370,35166_2023,chr19,38467688,G,A,RYR1,AD,c.3257G>A,p.Arg1086His,,,1086,25/105,missense_variant,MODERATE,Het,18,0.476,Malignant hyperthermia,No,,Yes,direct_match,Direct substring match,Malignant_hyperthermia;_susceptibility_to;_1|Congenital_multicore_myopathy_with_external_ophthalmoplegia|Central_core_myopathy|Congenital_myopathy_with_fiber_type_disproportion|King_Denborough_syndrome|not_provided|RYR1-related_disorder,Uncertain_significance,2,Not provided,Not provided,0,Not provided,0,0,Not provided,ClinVar: Uncertain_significance (2*),0.000013,v3,0.514,Not provided,Not provided,Not provided,[],[],unknown,No,PM2_Moderate,"{""PM2_Moderate"": 2}",2,VUS,VUS,,,,PM2_Moderate: gnomAD max AF=1.31358e-05 < threshold 0.0001 for MOI AD,,,,,,,,,,,,,,No,No,,,Filtered: ClinVar ≥2★ with Uncertain_significance (HQ-VUS) — conservative non-report,Filtered: ClinVar ≥2★ with Uncertain_significance (HQ-VUS) — conservative non-report,Yes
7025370,35166_2023,chr19,38470424,G,A,RYR1,AD,c.3765+911G>A,Not provided,,,,27/104,intron_variant,MODIFIER,Het,32,0.576,Malignant hyperthermia,No,,No,unknown_db_phenotype,No phenotype text in DB (unknown),Not provided,Not provided,0,Not provided,Not provided,0,Not provided,0,0,Not provided,No database evidence,0.0,Unknown,-1.000,Not provided,Not provided,Not provided,[],[],unknown,No,PM2_Moderate,"{""PM2_Moderate"": 2}",2,VUS,VUS,,,,PM2_Moderate: gnomAD max AF=0 < threshold 0.0001 for MOI AD,,,,,,,,,,,,,,No,No,,,,,Yes
7025370,35166_2023,chr19,38528710,G,A,RYR1,AD,c.11019+15G>A,Not provided,,,,74/104,intron_variant,MODIFIER,Het,27,0.464,Malignant hyperthermia,No,,Yes,direct_match,Direct substring match,RYR1-related_disorder|Malignant_hyperthermia;_susceptibility_to;_1|Central_core_myopathy|Congenital_multicore_myopathy_with_external_ophthalmoplegia|not_specified,Conflicting_classifications_of_pathogenicity,1,Not provided,Not provided,0,Not provided,0,0,Not provided,ClinVar: Conflicting_classifications_of_pathogenicity (1*),0.000099,v3,-1.000,Not provided,Not provided,Not provided,[],[],unknown,No,PM2_Moderate,"{""PM2_Moderate"": 2}",2,VUS,VUS,,,,PM2_Moderate: gnomAD max AF=9.85597e-05 < threshold 0.0001 for MOI AD,,,,,,,,,,,,,,No,No,,,Low quality ClinVar: Conflicting_classifications_of_pathogenicity (1 stars),,Yes
7025370,35166_2023,chr19,38532550,CT,C,RYR1,AD,c.11178+10delT,Not provided,,,,76/104,intron_variant,MODIFIER,Het,19,0.455,Malignant hyperthermia,No,,No,mismatch,No overlap found,RYR1-related_disorder,Likely_benign,1,Not provided,Not provided,0,Not provided,0,0,Not provided,ClinVar: Likely_benign (1*),0.000053,v3,-1.000,Not provided,Not provided,Not provided,[],[],unknown,No,PM2_Moderate,"{""PM2_Moderate"": 2}",2,VUS,VUS,,,,PM2_Moderate: gnomAD max AF=5.25735e-05 < threshold 0.0001 for MOI AD,,,,,,,,,,,,,,No,No,,,Low quality ClinVar: Likely_benign (1 stars),,Yes
7025370,35166_2023,chr19,38573429,C,T,RYR1,AD,c.14114+122C>T,Not provided,,,,95/104,intron_variant,MODIFIER,Het,28,0.621,Malignant hyperthermia,No,,No,unknown_db_phenotype,No phenotype text in DB (unknown),Not provided,Not provided,0,Not provided,Not provided,0,Not provided,0,0,Not provided,No database evidence,0.0,Unknown,-1.000,Not provided,Not provided,Not provided,[],[],unknown,No,PM2_Moderate,"{""PM2_Moderate"": 2}",2,VUS,VUS,,,,PM2_Moderate: gnomAD max AF=0 < threshold 0.0001 for MOI AD,,,,,,,,,,,,,,No,No,,,,,Yes
7025370,35166_2023,chr19,38578585,C,T,RYR1,AD,c.14349+381C>T,Not provided,,,,98/104,intron_variant,MODIFIER,Het,29,0.548,Malignant hyperthermia,No,,No,unknown_db_phenotype,No phenotype text in DB (unknown),Not provided,Not provided,0,Not provided,Not provided,0,Not provided,0,0,Not provided,No database evidence,0.0,Unknown,-1.000,Not provided,Not provided,Not provided,[],[],unknown,No,PM2_Moderate,"{""PM2_Moderate"": 2}",2,VUS,VUS,,,,PM2_Moderate: gnomAD max AF=0 < threshold 0.0001 for MOI AD,,,,,,,,,,,,,,No,No,,,,,Yes
7025370,35166_2023,chr19,38582411,A,G,RYR1,AD,c.14631+1907A>G,Not provided,,,,100/104,intron_variant,MODIFIER,Het,36,0.605,Malignant hyperthermia,No,,No,unknown_db_phenotype,No phenotype text in DB (unknown),Not provided,Not provided,0,Not provided,Not provided,0,Not provided,0,0,Not provided,No database evidence,0.0,Unknown,-1.000,Not provided,Not provided,Not provided,[],[],unknown,No,PM2_Moderate,"{""PM2_Moderate"": 2}",2,VUS,VUS,,,,PM2_Moderate: gnomAD max AF=0 < threshold 0.0001 for MOI AD,,,,,,,,,,,,,,No,No,,,,,Yes
7025370,35166_2023,chr19,38590388,AAAAAAAATATATATATATATATATATATAT,A,RYR1,AD,c.*2969_*2998delAAAAAAATATATATATATATATATATATAT,Not provided,,,,,downstream_gene_variant,MODIFIER,Het,20,0.773,Malignant hyperthermia,No,,No,unknown_db_phenotype,No phenotype text in DB (unknown),Not provided,Not provided,0,Not provided,Not provided,0,Not provided,0,0,Not provided,No database evidence,0.0,Unknown,-1.000,Not provided,0.000,Not provided,[],[],unknown,No,PM2_Moderate,"{""PM2_Moderate"": 2}",2,VUS,VUS,,,,PM2_Moderate: gnomAD max AF=0 < threshold 0.0001 for MOI AD,,,,,,,,,,,,,,No,No,,,,,Yes
7025370,35166_2023,chr19,46598090,T,C,CALM3,AD,c.-3192T>C,Not provided,,,,,upstream_gene_variant,MODIFIER,Het,30,0.364,Long-QT syndrome type 16; Catecholaminergic polymorphic ventricular tachycardia,No,,No,unknown_db_phenotype,No phenotype text in DB (unknown),Not provided,Not provided,0,Not provided,Not provided,0,Not provided,0,0,Not provided,No database evidence,0.0,Unknown,-1.000,Not provided,Not provided,Not provided,[],[],unknown,No,PM2_Moderate,"{""PM2_Moderate"": 2}",2,VUS,VUS,,,,PM2_Moderate: gnomAD max AF=0 < threshold 0.0001 for MOI AD,,,,,,,,,,,,,,No,No,,,,,Yes
7025370,35166_2023,chr19,46605664,C,T,CALM3,AD,c.-74-2533C>T,Not provided,,,,1/4,intron_variant,MODIFIER,Het,32,0.618,Long-QT syndrome type 16; Catecholaminergic polymorphic ventricular tachycardia,No,,No,unknown_db_phenotype,No phenotype text in DB (unknown),Not provided,Not provided,0,Not provided,Not provided,0,Not provided,0,0,Not provided,No database evidence,0.0,Unknown,-1.000,Not provided,0.230,Not provided,[],[],unknown,No,PM2_Moderate;PP3_Moderate,"{""PM2_Moderate"": 2, ""PP3_Moderate"": 2}",4,VUS,VUS,,,,PM2_Moderate: gnomAD max AF=0 < threshold 0.0001 for MOI AD,,,,,"PP3_Moderate: computational evidence (SpliceAI=0.230, REVEL=NA, CADD=NA) met moderate thresholds",,,,,,,,,No,No,,,,,Yes
7025370,35166_2023,chr19,46606373,C,T,CALM3,AD,c.-74-1824C>T,Not provided,,,,1/4,intron_variant,MODIFIER,Het,18,0.263,Long-QT syndrome type 16; Catecholaminergic polymorphic ventricular tachycardia,No,,No,unknown_db_phenotype,No phenotype text in DB (unknown),Not provided,Not provided,0,Not provided,Not provided,0,Not provided,0,0,Not provided,No database evidence,0.0,Unknown,-1.000,Not provided,Not provided,Not provided,[],[],unknown,No,PM2_Moderate,"{""PM2_Moderate"": 2}",2,VUS,VUS,,,,PM2_Moderate: gnomAD max AF=0 < threshold 0.0001 for MOI AD,,,,,,,,,,,,,,No,No,,,,,Yes
7025370,35166_2023,chr2,21001217,T,A,APOB,AD,c.*513A>T,Not provided,,,,,downstream_gene_variant,MODIFIER,Het,16,0.375,Familial hypercholesterolemia,Yes,"RULES_PRESENT_NO_MATCH: Include if Impact is ""MODERATE"" or ""LOW"";RULES_PRESENT_NO_MATCH: Include if Impact is ""MODERATE"" or ""LOW""",No,unknown_db_phenotype,No phenotype text in DB (unknown),Not provided,Not provided,0,Not provided,Not provided,0,Not provided,0,0,Not provided,No database evidence,0.0,Unknown,-1.000,Not provided,Not provided,Not provided,[],[],unknown,Yes,PM2_Moderate,"{""PM2_Moderate"": 2}",2,VUS,VUS,,,,PM2_Moderate: gnomAD max AF=0 < threshold 0.0001 for MOI AD,,,,,,,,,,,,,,No,No,,,Delins cluster (unphased) detected (cluster_id=3; members=chr2:21001217:T:A:7025370;chr2:21001218:A:T:7025370;chr2:21001219:T:A:7025370) - phasing required to confirm cis/trans.;Delins/overlap cluster (id=3) detected but not all members meet P/LP or >5pts -> not auto-escalated (possible carrier).,,Yes
7025370,35166_2023,chr2,21001218,A,T,APOB,AD,c.*512T>A,Not provided,,,,,downstream_gene_variant,MODIFIER,Het,16,0.375,Familial hypercholesterolemia,Yes,"RULES_PRESENT_NO_MATCH: Include if Impact is ""MODERATE"" or ""LOW"";RULES_PRESENT_NO_MATCH: Include if Impact is ""MODERATE"" or ""LOW""",No,unknown_db_phenotype,No phenotype text in DB (unknown),Not provided,Not provided,0,Not provided,Not provided,0,Not provided,0,0,Not provided,No database evidence,0.0,Unknown,-1.000,Not provided,Not provided,Not provided,[],[],unknown,Yes,PM2_Moderate,"{""PM2_Moderate"": 2}",2,VUS,VUS,,,,PM2_Moderate: gnomAD max AF=0 < threshold 0.0001 for MOI AD,,,,,,,,,,,,,,No,No,,,Delins cluster (unphased) detected (cluster_id=3; members=chr2:21001217:T:A:7025370;chr2:21001218:A:T:7025370;chr2:21001219:T:A:7025370) - phasing required to confirm cis/trans.;Delins/overlap cluster (id=3) detected but not all members meet P/LP or >5pts -> not auto-escalated (possible carrier).,,Yes
7025370,35166_2023,chr2,21001219,T,A,APOB,AD,c.*511A>T,Not provided,,,,,downstream_gene_variant,MODIFIER,Het,16,0.375,Familial hypercholesterolemia,Yes,"RULES_PRESENT_NO_MATCH: Include if Impact is ""MODERATE"" or ""LOW"";RULES_PRESENT_NO_MATCH: Include if Impact is ""MODERATE"" or ""LOW""",No,unknown_db_phenotype,No phenotype text in DB (unknown),Not provided,Not provided,0,Not provided,Not provided,0,Not provided,0,0,Not provided,No database evidence,0.0,Unknown,-1.000,Not provided,Not provided,Not provided,[],[],unknown,Yes,PM2_Moderate,"{""PM2_Moderate"": 2}",2,VUS,VUS,,,,PM2_Moderate: gnomAD max AF=0 < threshold 0.0001 for MOI AD,,,,,,,,,,,,,,No,No,,,Delins cluster (unphased) detected (cluster_id=3; members=chr2:21001217:T:A:7025370;chr2:21001218:A:T:7025370;chr2:21001219:T:A:7025370) - phasing required to confirm cis/trans.;Delins/overlap cluster (id=3) detected but not all members meet P/LP or >5pts -> not auto-escalated (possible carrier).,,Yes
7025370,35166_2023,chr2,21042799,G,C,APOB,AD,c.122-323C>G,Not provided,,,,2/28,intron_variant,MODIFIER,Het,40,0.442,Familial hypercholesterolemia,Yes,"RULES_PRESENT_NO_MATCH: Include if Impact is ""MODERATE"" or ""LOW"";RULES_PRESENT_NO_MATCH: Include if Impact is ""MODERATE"" or ""LOW""",No,unknown_db_phenotype,No phenotype text in DB (unknown),Not provided,Not provided,0,Not provided,Not provided,0,Not provided,0,0,Not provided,No database evidence,0.0,Unknown,-1.000,Not provided,Not provided,Not provided,[],[],unknown,No,PM2_Moderate,"{""PM2_Moderate"": 2}",2,VUS,VUS,,,,PM2_Moderate: gnomAD max AF=0 < threshold 0.0001 for MOI AD,,,,,,,,,,,,,,No,No,,,,,Yes
7025370,35166_2023,chr2,47432808,C,CT,MSH2,AD,c.1276+2868dupT,Not provided,,,,7/15,intron_variant,MODIFIER,Het,19,0.455,Lynch syndrome,No,,No,unknown_db_phenotype,No phenotype text in DB (unknown),Not provided,Not provided,0,Not provided,Not provided,0,Not provided,0,0,Not provided,No database evidence,0.0,Unknown,-1.000,Not provided,Not provided,Not provided,[],[],unknown,No,PM2_Moderate,"{""PM2_Moderate"": 2}",2,VUS,VUS,,,,PM2_Moderate: gnomAD max AF=0 < threshold 0.0001 for MOI AD,,,,,,,,,,,,,,No,No,,,,,Yes
7025370,35166_2023,chr2,96255118,C,T,TMEM127,AD,c.245-121G>A,Not provided,,,,2/3,intron_variant,MODIFIER,Het,28,0.483,Hereditary paraganglioma-pheochromocytoma syndrome,No,,No,unknown_db_phenotype,No phenotype text in DB (unknown),Not provided,Not provided,0,Not provided,Not provided,0,Not provided,0,0,Not provided,No database evidence,0.0,Unknown,-1.000,Not provided,Not provided,Not provided,[],[],unknown,No,PM2_Moderate,"{""PM2_Moderate"": 2}",2,VUS,VUS,,,,PM2_Moderate: gnomAD max AF=0 < threshold 0.0001 for MOI AD,,,,,,,,,,,,,,No,No,,,,,Yes
7025370,35166_2023,chr2,178532088,G,A,TTN,AD,c.77332C>T,p.Leu25778Leu,,,25778,186/191,synonymous_variant,LOW,Het,37,0.421,Dilated cardiomyopathy (truncating variants only),Yes,,No,N/A,N/A,Dilated_cardiomyopathy_1G|Autosomal_recessive_limb-girdle_muscular_dystrophy_type_2J|not_provided,Likely_benign,2,Not provided,Not provided,0,Not provided,0,0,Not provided,ClinVar: Likely_benign (2*),0.000007,v3,-1.000,Not provided,Not provided,Not provided,[],[],unknown,No,PM2_Moderate,"{""PM2_Moderate"": 2}",2,VUS,VUS,,,,PM2_Moderate: gnomAD max AF=6.57151e-06 < threshold 0.0001 for MOI AD,,,,,,,,,,,,,,No,No,,,Filtered: HQ Benign (ClinVar≥2★ or HGMD benign or Internal DB benign),Filtered: HQ Benign (ClinVar≥2★ or HGMD benign or Internal DB benign),Yes
7025370,35166_2023,chr2,178618381,C,T,TTN,AD,c.39373G>A,p.Val13125Ile,,,13125,201/312,missense_variant,MODERATE,Het,39,0.512,Dilated cardiomyopathy (truncating variants only),Yes,Exclude if Impact is MODERATE;Exclude if Impact is MODERATE,Yes,token_match,"Shared terms: cardiomyopathy, dilated",TTN-related_disorder|not_provided|not_specified|Autosomal_recessive_limb-girdle_muscular_dystrophy_type_2J|Dilated_cardiomyopathy_1G|Myopathy;_myofibrillar;_9;_with_early_respiratory_failure|Cardiomyopathy|Early-onset_myopathy_with_fatal_cardiomyopathy|Tibial_muscular_dystrophy|Cardiovascular_phenotype,Conflicting_classifications_of_pathogenicity,1,Not provided,Not provided,0,Not provided,0,0,Not provided,ClinVar: Conflicting_classifications_of_pathogenicity (1*),0.0,Unknown,0.093,Not provided,Not provided,Not provided,[],[],unknown,No,PM2_Moderate,"{""PM2_Moderate"": 2}",2,VUS,VUS,,,,PM2_Moderate: gnomAD max AF=0 < threshold 0.0001 for MOI AD,,,,,,,,,,,,,,No,No,,,Filtered by gene 'Rules' (exclude): Exclude if Impact is MODERATE,Filtered by gene 'Rules' (exclude): Exclude if Impact is MODERATE,Yes
7025370,35166_2023,chr2,178652432,T,A,TTN,AD,c.31825+26A>T,Not provided,,,,156/311,intron_variant,MODIFIER,Het,36,0.579,Dilated cardiomyopathy (truncating variants only),Yes,RULES_PRESENT_NO_MATCH: Exclude if Impact is MODERATE;RULES_PRESENT_NO_MATCH: Exclude if Impact is MODERATE,No,unknown_db_phenotype,No phenotype text in DB (unknown),Not provided,Not provided,0,Not provided,Not provided,0,Not provided,0,0,Not provided,No database evidence,0.0,Unknown,-1.000,Not provided,Not provided,Not provided,[],[],unknown,No,PM2_Moderate,"{""PM2_Moderate"": 2}",2,VUS,VUS,,,,PM2_Moderate: gnomAD max AF=0 < threshold 0.0001 for MOI AD,,,,,,,,,,,,,,No,No,,,,,Yes
7025370,35166_2023,chr2,178705917,T,C,TTN,AD,c.28469+537A>G,Not provided,,,,100/312,intron_variant,MODIFIER,Het,36,0.385,Dilated cardiomyopathy (truncating variants only),Yes,RULES_PRESENT_NO_MATCH: Exclude if Impact is MODERATE;RULES_PRESENT_NO_MATCH: Exclude if Impact is MODERATE,No,unknown_db_phenotype,No phenotype text in DB (unknown),Not provided,Not provided,0,Not provided,Not provided,0,Not provided,0,0,Not provided,No database evidence,0.0,Unknown,-1.000,Not provided,Not provided,Not provided,[],[],unknown,No,PM2_Moderate,"{""PM2_Moderate"": 2}",2,VUS,VUS,,,,PM2_Moderate: gnomAD max AF=0 < threshold 0.0001 for MOI AD,,,,,,,,,,,,,,No,No,,,,,Yes
7025370,35166_2023,chr2,178788193,C,T,TTN,AD,c.1938+1167G>A,Not provided,,,,12/190,intron_variant,MODIFIER,Het,35,0.667,Dilated cardiomyopathy (truncating variants only),Yes,RULES_PRESENT_NO_MATCH: Exclude if Impact is MODERATE;RULES_PRESENT_NO_MATCH: Exclude if Impact is MODERATE,No,unknown_db_phenotype,No phenotype text in DB (unknown),Not provided,Not provided,0,Not provided,Not provided,0,Not provided,0,0,Not provided,No database evidence,0.000099,v3,-1.000,Not provided,Not provided,Not provided,[],[],unknown,No,PM2_Moderate,"{""PM2_Moderate"": 2}",2,VUS,VUS,,,,PM2_Moderate: gnomAD max AF=9.86829e-05 < threshold 0.0001 for MOI AD,,,,,,,,,,,,,,No,No,,,,,Yes
7025370,35166_2023,chr3,14126979,C,T,TMEM43,AD,c.12+1774C>T,Not provided,,,,1/11,intron_variant,MODIFIER,Het,38,0.513,Arrhythmogenic right ventricular cardiomyopathy,No,,No,unknown_db_phenotype,No phenotype text in DB (unknown),Not provided,Not provided,0,Not provided,Not provided,0,Not provided,0,0,Not provided,No database evidence,0.0,Unknown,-1.000,Not provided,Not provided,Not provided,[],[],unknown,No,PM2_Moderate,"{""PM2_Moderate"": 2}",2,VUS,VUS,,,,PM2_Moderate: gnomAD max AF=0 < threshold 0.0001 for MOI AD,,,,,,,,,,,,,,No,No,,,,,Yes
7025370,35166_2023,chr3,14145029,G,A,TMEM43,AD,c.*3234G>A,Not provided,,,,,downstream_gene_variant,MODIFIER,Het,32,0.469,Arrhythmogenic right ventricular cardiomyopathy,No,,No,unknown_db_phenotype,No phenotype text in DB (unknown),Not provided,Not provided,0,Not provided,Not provided,0,Not provided,0,0,Not provided,No database evidence,0.0,Unknown,-1.000,Not provided,Not provided,Not provided,[],[],unknown,No,PM2_Moderate,"{""PM2_Moderate"": 2}",2,VUS,VUS,,,,PM2_Moderate: gnomAD max AF=0 < threshold 0.0001 for MOI AD,,,,,,,,,,,,,,No,No,,,,,Yes
7025370,35166_2023,chr3,30631621,CTT,C,TGFBR2,AD,c.95-13105_95-13104delTT,Not provided,,,,1/6,intron_variant,MODIFIER,Hom,20,0.857,Loeys-Dietz syndrome,No,,No,unknown_db_phenotype,No phenotype text in DB (unknown),Not provided,Not provided,0,Not provided,Not provided,0,Not provided,0,0,Not provided,No database evidence,0.0,Unknown,-1.000,Not provided,Not provided,Not provided,[],[],unknown,No,PM2_Moderate,"{""PM2_Moderate"": 2}",2,VUS,VUS,,,,PM2_Moderate: gnomAD max AF=0 < threshold 0.0001 for MOI AD,,,,,,,,,,,,,,No,No,,,,,Yes
7025370,35166_2023,chr3,36995765,G,T,MLH1,AD,c.-608-859G>T,Not provided,,,,1/15,intron_variant,MODIFIER,Het,40,0.675,Lynch syndrome,No,,No,unknown_db_phenotype,No phenotype text in DB (unknown),Not provided,Not provided,0,Not provided,Not provided,0,Not provided,0,0,Not provided,No database evidence,0.000013,v3,-1.000,Not provided,Not provided,Not provided,[],[],unknown,No,PM2_Moderate,"{""PM2_Moderate"": 2}",2,VUS,VUS,,,,PM2_Moderate: gnomAD max AF=1.31803e-05 < threshold 0.0001 for MOI AD,,,,,,,,,,,,,,No,No,,,,,Yes
7025370,35166_2023,chr3,37046608,TA,T,MLH1,AD,c.658-910delA,Not provided,,,,12/15,intron_variant,MODIFIER,Hom,18,1.000,Lynch syndrome,No,,No,unknown_db_phenotype,No phenotype text in DB (unknown),Not provided,Not provided,0,Not provided,Not provided,0,Not provided,0,0,Not provided,No database evidence,0.0,Unknown,-1.000,Not provided,Not provided,Not provided,[],[],unknown,No,PM2_Moderate,"{""PM2_Moderate"": 2}",2,VUS,VUS,,,,PM2_Moderate: gnomAD max AF=0 < threshold 0.0001 for MOI AD,,,,,,,,,,,,,,No,No,,,,,Yes
7025370,35166_2023,chr3,38569997,A,G,SCN5A,AD,c.3505-3415T>C,Not provided,,,,19/26,intron_variant,MODIFIER,Het,34,0.611,Long QT syndrome type 3; Brugada syndrome; Dilated cardiomyopathy,No,,No,unknown_db_phenotype,No phenotype text in DB (unknown),Not provided,Not provided,0,Not provided,Not provided,0,Not provided,0,0,Not provided,No database evidence,0.000007,v3,-1.000,Not provided,Not provided,Not provided,[],[],unknown,No,PM2_Moderate,"{""PM2_Moderate"": 2}",2,VUS,VUS,,,,PM2_Moderate: gnomAD max AF=6.57696e-06 < threshold 0.0001 for MOI AD,,,,,,,,,,,,,,No,No,,,,,Yes
7025370,35166_2023,chr3,38577783,T,TTG,SCN5A,AD,c.3229-1003_3229-1002insCA,Not provided,,,,17/26,intron_variant,MODIFIER,Het,25,0.600,Long QT syndrome type 3; Brugada syndrome; Dilated cardiomyopathy,No,,No,unknown_db_phenotype,No phenotype text in DB (unknown),Not provided,Not provided,0,Not provided,Not provided,0,Not provided,0,0,Not provided,No database evidence,0.0,Unknown,-1.000,Not provided,0.050,Not provided,[],[],unknown,Yes,PM2_Moderate,"{""PM2_Moderate"": 2}",2,VUS,VUS,,,,PM2_Moderate: gnomAD max AF=0 < threshold 0.0001 for MOI AD,,,,,,,,,,,,,,No,No,,,Delins cluster (unphased) detected (cluster_id=4; members=chr3:38577783:T:TTG:7025370;chr3:38577785:C:G:7025370;chr3:38577784:A:G:7025370) - phasing required to confirm cis/trans.;Delins/overlap cluster (id=4) detected but not all members meet P/LP or >5pts -> not auto-escalated (possible carrier).,,Yes
7025370,35166_2023,chr3,38577784,A,G,SCN5A,AD,c.3229-1003T>C,Not provided,,,,17/26,intron_variant,MODIFIER,Het,25,0.600,Long QT syndrome type 3; Brugada syndrome; Dilated cardiomyopathy,No,,No,unknown_db_phenotype,No phenotype text in DB (unknown),Not provided,Not provided,0,Not provided,Not provided,0,Not provided,0,0,Not provided,No database evidence,0.0,Unknown,-1.000,Not provided,Not provided,Not provided,[],[],unknown,Yes,PM2_Moderate,"{""PM2_Moderate"": 2}",2,VUS,VUS,,,,PM2_Moderate: gnomAD max AF=0 < threshold 0.0001 for MOI AD,,,,,,,,,,,,,,No,No,,,Delins cluster (unphased) detected (cluster_id=4; members=chr3:38577783:T:TTG:7025370;chr3:38577785:C:G:7025370;chr3:38577784:A:G:7025370) - phasing required to confirm cis/trans.;Delins/overlap cluster (id=4) detected but not all members meet P/LP or >5pts -> not auto-escalated (possible carrier).,,Yes
7025370,35166_2023,chr3,38577785,C,G,SCN5A,AD,c.3229-1004G>C,Not provided,,,,17/26,intron_variant,MODIFIER,Het,25,0.600,Long QT syndrome type 3; Brugada syndrome; Dilated cardiomyopathy,No,,No,unknown_db_phenotype,No phenotype text in DB (unknown),Not provided,Not provided,0,Not provided,Not provided,0,Not provided,0,0,Not provided,No database evidence,0.0,Unknown,-1.000,Not provided,Not provided,Not provided,[],[],unknown,Yes,PM2_Moderate,"{""PM2_Moderate"": 2}",2,VUS,VUS,,,,PM2_Moderate: gnomAD max AF=0 < threshold 0.0001 for MOI AD,,,,,,,,,,,,,,No,No,,,Delins cluster (unphased) detected (cluster_id=4; members=chr3:38577783:T:TTG:7025370;chr3:38577785:C:G:7025370;chr3:38577784:A:G:7025370) - phasing required to confirm cis/trans.;Delins/overlap cluster (id=4) detected but not all members meet P/LP or >5pts -> not auto-escalated (possible carrier).,,Yes
7025370,35166_2023,chr3,38579873,ACGCG,A,SCN5A,AD,c.3228+1054_3228+1057delCGCG,Not provided,,,,17/26,intron_variant,MODIFIER,Het,21,0.409,Long QT syndrome type 3; Brugada syndrome; Dilated cardiomyopathy,No,,No,unknown_db_phenotype,No phenotype text in DB (unknown),Not provided,Not provided,0,Not provided,Not provided,0,Not provided,0,0,Not provided,No database evidence,0.0,Unknown,-1.000,Not provided,0.000,Not provided,[],[],unknown,Yes,PM2_Moderate,"{""PM2_Moderate"": 2}",2,VUS,VUS,,,,PM2_Moderate: gnomAD max AF=0 < threshold 0.0001 for MOI AD,,,,,,,,,,,,,,No,No,,,Delins cluster (unphased) detected (cluster_id=5; members=chr3:38579873:ACGCG:A:7025370;chr3:38579879:G:A:7025370) - phasing required to confirm cis/trans.;Delins/overlap cluster (id=5) detected but not all members meet P/LP or >5pts -> not auto-escalated (possible carrier).,,Yes
7025370,35166_2023,chr3,38579879,G,A,SCN5A,AD,c.3228+1052C>T,Not provided,,,,17/26,intron_variant,MODIFIER,Het,21,0.409,Long QT syndrome type 3; Brugada syndrome; Dilated cardiomyopathy,No,,No,unknown_db_phenotype,No phenotype text in DB (unknown),Not provided,Not provided,0,Not provided,Not provided,0,Not provided,0,0,Not provided,No database evidence,0.0,Unknown,-1.000,Not provided,Not provided,Not provided,[],[],unknown,Yes,PM2_Moderate,"{""PM2_Moderate"": 2}",2,VUS,VUS,,,,PM2_Moderate: gnomAD max AF=0 < threshold 0.0001 for MOI AD,,,,,,,,,,,,,,No,No,,,Delins cluster (unphased) detected (cluster_id=5; members=chr3:38579873:ACGCG:A:7025370;chr3:38579879:G:A:7025370) - phasing required to confirm cis/trans.;Delins/overlap cluster (id=5) detected but not all members meet P/LP or >5pts -> not auto-escalated (possible carrier).,,Yes
7025370,35166_2023,chr3,38579891,A,C,SCN5A,AD,c.3228+1040T>G,Not provided,,,,17/26,intron_variant,MODIFIER,Het,25,0.440,Long QT syndrome type 3; Brugada syndrome; Dilated cardiomyopathy,No,,No,unknown_db_phenotype,No phenotype text in DB (unknown),Not provided,Not provided,0,Not provided,Not provided,0,Not provided,0,0,Not provided,No database evidence,0.000060,v3,-1.000,Not provided,Not provided,Not provided,[],[],unknown,No,PM2_Moderate,"{""PM2_Moderate"": 2}",2,VUS,VUS,,,,PM2_Moderate: gnomAD max AF=6.01604e-05 < threshold 0.0001 for MOI AD,,,,,,,,,,,,,,No,No,,,,,Yes
7025370,35166_2023,chr3,38588879,A,AG,SCN5A,AD,c.2263-1307dupC,Not provided,,,,14/26,intron_variant,MODIFIER,Het,23,0.542,Long QT syndrome type 3; Brugada syndrome; Dilated cardiomyopathy,No,,No,unknown_db_phenotype,No phenotype text in DB (unknown),Not provided,Not provided,0,Not provided,Not provided,0,Not provided,0,0,Not provided,No database evidence,0.0,Unknown,-1.000,Not provided,Not provided,Not provided,[],[],unknown,No,PM2_Moderate,"{""PM2_Moderate"": 2}",2,VUS,VUS,,,,PM2_Moderate: gnomAD max AF=0 < threshold 0.0001 for MOI AD,,,,,,,,,,,,,,No,No,,,,,Yes
7025370,35166_2023,chr3,38596202,T,C,SCN5A,AD,c.2262+1527A>G,Not provided,,,,14/26,intron_variant,MODIFIER,Het,34,0.459,Long QT syndrome type 3; Brugada syndrome; Dilated cardiomyopathy,No,,No,unknown_db_phenotype,No phenotype text in DB (unknown),Not provided,Not provided,0,Not provided,Not provided,0,Not provided,0,0,Not provided,No database evidence,0.000039,v3,-1.000,Not provided,Not provided,Not provided,[],[],unknown,No,PM2_Moderate,"{""PM2_Moderate"": 2}",2,VUS,VUS,,,,PM2_Moderate: gnomAD max AF=3.9412e-05 < threshold 0.0001 for MOI AD,,,,,,,,,,,,,,No,No,,,,,Yes
7025370,35166_2023,chr5,112703438,T,C,APC,AD,c.-4280T>C,Not provided,,,,,upstream_gene_variant,MODIFIER,Het,21,0.458,Familial adenomatous polyposis,Yes,"RULES_PRESENT_NO_MATCH: Exclude if Consequence contains ""5_prime_UTR_variant"";RULES_PRESENT_NO_MATCH: Exclude if Consequence contains ""5_prime_UTR_variant""",No,unknown_db_phenotype,No phenotype text in DB (unknown),Not provided,Not provided,0,Not provided,Not provided,0,Not provided,0,0,Not provided,No database evidence,0.0,Unknown,-1.000,Not provided,Not provided,Not provided,[],[],unknown,No,PM2_Moderate,"{""PM2_Moderate"": 2}",2,VUS,VUS,,,,PM2_Moderate: gnomAD max AF=0 < threshold 0.0001 for MOI AD,,,,,,,,,,,,,,No,No,,,,,Yes
7025370,35166_2023,chr5,112720349,T,C,APC,AD,c.165+12467T>C,Not provided,,,,1/13,intron_variant,MODIFIER,Het,50,0.640,Familial adenomatous polyposis,Yes,"RULES_PRESENT_NO_MATCH: Exclude if Consequence contains ""5_prime_UTR_variant"";RULES_PRESENT_NO_MATCH: Exclude if Consequence contains ""5_prime_UTR_variant""",No,unknown_db_phenotype,No phenotype text in DB (unknown),Not provided,Not provided,0,Not provided,Not provided,0,Not provided,0,0,Not provided,No database evidence,0.0,Unknown,-1.000,Not provided,Not provided,Not provided,[],[],unknown,No,PM2_Moderate,"{""PM2_Moderate"": 2}",2,VUS,VUS,,,,PM2_Moderate: gnomAD max AF=0 < threshold 0.0001 for MOI AD,,,,,,,,,,,,,,No,No,,,,,Yes
7025370,35166_2023,chr5,112744050,C,T,APC,AD,c.166-22276C>T,Not provided,,,,1/13,intron_variant,MODIFIER,Het,24,0.500,Familial adenomatous polyposis,Yes,"RULES_PRESENT_NO_MATCH: Exclude if Consequence contains ""5_prime_UTR_variant"";RULES_PRESENT_NO_MATCH: Exclude if Consequence contains ""5_prime_UTR_variant""",No,unknown_db_phenotype,No phenotype text in DB (unknown),Not provided,Not provided,0,Not provided,Not provided,0,Not provided,0,0,Not provided,No database evidence,0.0,Unknown,-1.000,Not provided,Not provided,Not provided,[],[],unknown,No,PM2_Moderate,"{""PM2_Moderate"": 2}",2,VUS,VUS,,,,PM2_Moderate: gnomAD max AF=0 < threshold 0.0001 for MOI AD,,,,,,,,,,,,,,No,No,,,,,Yes
7025370,35166_2023,chr5,112768700,A,T,APC,AD,c.452+1310A>T,Not provided,,,,3/13,intron_variant,MODIFIER,Het,22,0.500,Familial adenomatous polyposis,Yes,"RULES_PRESENT_NO_MATCH: Exclude if Consequence contains ""5_prime_UTR_variant"";RULES_PRESENT_NO_MATCH: Exclude if Consequence contains ""5_prime_UTR_variant""",No,unknown_db_phenotype,No phenotype text in DB (unknown),Not provided,Not provided,0,Not provided,Not provided,0,Not provided,0,0,Not provided,No database evidence,0.0,Unknown,-1.000,Not provided,Not provided,Not provided,[],[],unknown,No,PM2_Moderate,"{""PM2_Moderate"": 2}",2,VUS,VUS,,,,PM2_Moderate: gnomAD max AF=0 < threshold 0.0001 for MOI AD,,,,,,,,,,,,,,No,No,,,,,Yes
7025370,35166_2023,chr5,112808201,A,G,APC,AD,c.780+6818A>G,Not provided,,,,6/13,intron_variant,MODIFIER,Het,32,0.688,Familial adenomatous polyposis,Yes,"RULES_PRESENT_NO_MATCH: Exclude if Consequence contains ""5_prime_UTR_variant"";RULES_PRESENT_NO_MATCH: Exclude if Consequence contains ""5_prime_UTR_variant""",No,unknown_db_phenotype,No phenotype text in DB (unknown),Not provided,Not provided,0,Not provided,Not provided,0,Not provided,0,0,Not provided,No database evidence,0.0,Unknown,-1.000,Not provided,Not provided,Not provided,[],[],unknown,No,PM2_Moderate,"{""PM2_Moderate"": 2}",2,VUS,VUS,,,,PM2_Moderate: gnomAD max AF=0 < threshold 0.0001 for MOI AD,,,,,,,,,,,,,,No,No,,,,,Yes
7025370,35166_2023,chr6,7550218,G,GT,DSP,AD,c.171-5495dupT,Not provided,,,,1/23,intron_variant,MODIFIER,Hom,24,0.731,Arrhythmogenic right ventricular cardiomyopathy; Dilated cardiomyopathy,No,,No,unknown_db_phenotype,No phenotype text in DB (unknown),Not provided,Not provided,0,Not provided,Not provided,0,Not provided,0,0,Not provided,No database evidence,0.0,Unknown,-1.000,Not provided,Not provided,Not provided,[],[],unknown,No,PM2_Moderate,"{""PM2_Moderate"": 2}",2,VUS,VUS,,,,PM2_Moderate: gnomAD max AF=0 < threshold 0.0001 for MOI AD,,,,,,,,,,,,,,No,No,,,,,Yes
7025370,35166_2023,chr6,123594327,T,C,TRDN,AR,c.23-23195A>G,Not provided,,,,1/20,intron_variant,MODIFIER,Het,42,0.444,Catecholaminergic polymorphic ventricular tachycardia; Long QT syndrome,No,,No,unknown_db_phenotype,No phenotype text in DB (unknown),Not provided,Not provided,0,Not provided,Not provided,0,Not provided,0,0,Not provided,No database evidence,0.0,Unknown,-1.000,Not provided,Not provided,Not provided,[],[],unknown,No,PM2_Moderate,"{""PM2_Moderate"": 2}",2,VUS,VUS,,,,PM2_Moderate: gnomAD max AF=0 < threshold 0.005 for MOI AR,,,,,,,,,,,,,,No,No,,,,,Yes
7025370,35166_2023,chr6,123595720,C,A,TRDN,AR,c.23-24588G>T,Not provided,,,,1/20,intron_variant,MODIFIER,Het,30,0.484,Catecholaminergic polymorphic ventricular tachycardia; Long QT syndrome,No,,No,unknown_db_phenotype,No phenotype text in DB (unknown),Not provided,Not provided,0,Not provided,Not provided,0,Not provided,0,0,Not provided,No database evidence,0.0,Unknown,-1.000,Not provided,Not provided,Not provided,[],[],unknown,No,PM2_Moderate,"{""PM2_Moderate"": 2}",2,VUS,VUS,,,,PM2_Moderate: gnomAD max AF=0 < threshold 0.005 for MOI AR,,,,,,,,,,,,,,No,No,,,,,Yes
7025370,35166_2023,chr6,123627503,T,C,TRDN,AR,c.22+9251A>G,Not provided,,,,1/20,intron_variant,MODIFIER,Het,44,0.404,Catecholaminergic polymorphic ventricular tachycardia; Long QT syndrome,No,,No,unknown_db_phenotype,No phenotype text in DB (unknown),Not provided,Not provided,0,Not provided,Not provided,0,Not provided,0,0,Not provided,No database evidence,0.0,Unknown,-1.000,Not provided,Not provided,Not provided,[],[],unknown,No,PM2_Moderate,"{""PM2_Moderate"": 2}",2,VUS,VUS,,,,PM2_Moderate: gnomAD max AF=0 < threshold 0.005 for MOI AR,,,,,,,,,,,,,,No,No,,,,,Yes
7025370,35166_2023,chr7,5970667,C,G,PMS2,AD,c.*2732G>C,Not provided,,,,,downstream_gene_variant,MODIFIER,Het,21,0.409,Lynch syndrome,No,,No,unknown_db_phenotype,No phenotype text in DB (unknown),Not provided,Not provided,0,Not provided,Not provided,0,Not provided,0,0,Not provided,No database evidence,0.0,Unknown,-1.000,Not provided,Not provided,Not provided,[],[],unknown,No,PM2_Moderate,"{""PM2_Moderate"": 2}",2,VUS,VUS,,,,PM2_Moderate: gnomAD max AF=0 < threshold 0.0001 for MOI AD,,,,,,,,,,,,,,No,No,,,,,Yes
7025370,35166_2023,chr7,6002810,A,G,PMS2,AD,c.36-174T>C,Not provided,,,,2/12,intron_variant,MODIFIER,Het,44,0.522,Lynch syndrome,No,,No,mismatch,No overlap found,not_specified,Likely_benign,1,Not provided,Not provided,0,Not provided,0,0,Not provided,ClinVar: Likely_benign (1*),0.0,Unknown,-1.000,Not provided,Not provided,Not provided,[],[],unknown,No,PM2_Moderate,"{""PM2_Moderate"": 2}",2,VUS,VUS,,,,PM2_Moderate: gnomAD max AF=0 < threshold 0.0001 for MOI AD,,,,,,,,,,,,,,No,No,,,Low quality ClinVar: Likely_benign (1 stars),,Yes
7025370,35166_2023,chr7,6007112,A,G,PMS2,AD,c.-243+1885T>C,Not provided,,,,1/12,intron_variant,MODIFIER,Het,25,0.440,Lynch syndrome,No,,No,unknown_db_phenotype,No phenotype text in DB (unknown),Not provided,Not provided,0,Not provided,Not provided,0,Not provided,0,0,Not provided,No database evidence,0.0,Unknown,-1.000,Not provided,Not provided,Not provided,[],[],unknown,No,PM2_Moderate,"{""PM2_Moderate"": 2}",2,VUS,VUS,,,,PM2_Moderate: gnomAD max AF=0 < threshold 0.0001 for MOI AD,,,,,,,,,,,,,,No,No,,,,,Yes
7025370,35166_2023,chr7,128862866,C,T,FLNC,AD,c.*4343C>T,Not provided,,,,,downstream_gene_variant,MODIFIER,Het,29,0.548,Dilated cardiomyopathy; Hypertrophic cardiomyopathy; Myofibrillar myopathy,No,,No,unknown_db_phenotype,No phenotype text in DB (unknown),Not provided,Not provided,0,Not provided,Not provided,0,Not provided,0,0,Not provided,No database evidence,0.0,Unknown,-1.000,Not provided,Not provided,Not provided,[],[],unknown,No,PM2_Moderate,"{""PM2_Moderate"": 2}",2,VUS,VUS,,,,PM2_Moderate: gnomAD max AF=0 < threshold 0.0001 for MOI AD,,,,,,,,,,,,,,No,No,,,,,Yes
7025370,35166_2023,chr7,150951830,G,A,KCNH2,AD,c.543C>T,p.Ile181Ile,,,181,3/11,synonymous_variant,LOW,Het,26,0.519,Long-QT syndrome type 2,No,,Yes,token_match,"Shared terms: long, syndrome",Cardiovascular_phenotype|Cardiac_arrhythmia|not_specified|not_provided|Long_QT_syndrome|Long_QT_syndrome_2,Conflicting_classifications_of_pathogenicity,1,Not provided,Not provided,0,Not provided,0,0,Not provided,ClinVar: Conflicting_classifications_of_pathogenicity (1*),0.0,Unknown,-1.000,Not provided,Not provided,Not provided,[],[],unknown,No,PM2_Moderate,"{""PM2_Moderate"": 2}",2,VUS,VUS,,,,PM2_Moderate: gnomAD max AF=0 < threshold 0.0001 for MOI AD,,,,,,,,,,,,,,No,No,,,Low quality ClinVar: Conflicting_classifications_of_pathogenicity (1 stars),,Yes
7025370,35166_2023,chr7,151563621,C,T,PRKAG2,AD,c.861+457G>A,Not provided,,,,10/11,intron_variant,MODIFIER,Het,40,0.390,Hypertrophic cardiomyopathy,No,,No,unknown_db_phenotype,No phenotype text in DB (unknown),Not provided,Not provided,0,Not provided,Not provided,0,Not provided,0,0,Not provided,No database evidence,0.0,Unknown,-1.000,Not provided,Not provided,Not provided,[],[],unknown,No,PM2_Moderate,"{""PM2_Moderate"": 2}",2,VUS,VUS,,,,PM2_Moderate: gnomAD max AF=0 < threshold 0.0001 for MOI AD,,,,,,,,,,,,,,No,No,,,,,Yes
7025370,35166_2023,chr7,151592435,A,G,PRKAG2,AD,c.141+2910T>C,Not provided,,,,2/11,intron_variant,MODIFIER,Het,24,0.444,Hypertrophic cardiomyopathy,No,,No,unknown_db_phenotype,No phenotype text in DB (unknown),Not provided,Not provided,0,Not provided,Not provided,0,Not provided,0,0,Not provided,No database evidence,0.0,Unknown,-1.000,Not provided,Not provided,Not provided,[],[],unknown,No,PM2_Moderate,"{""PM2_Moderate"": 2}",2,VUS,VUS,,,,PM2_Moderate: gnomAD max AF=0 < threshold 0.0001 for MOI AD,,,,,,,,,,,,,,No,No,,,,,Yes
7025370,35166_2023,chr7,151602992,C,T,PRKAG2,AD,c.32-7538G>A,Not provided,,,,1/11,intron_variant,MODIFIER,Het,28,0.448,Hypertrophic cardiomyopathy,No,,No,unknown_db_phenotype,No phenotype text in DB (unknown),Not provided,Not provided,0,Not provided,Not provided,0,Not provided,0,0,Not provided,No database evidence,0.0,Unknown,-1.000,Not provided,Not provided,Not provided,[],[],unknown,No,PM2_Moderate,"{""PM2_Moderate"": 2}",2,VUS,VUS,,,,PM2_Moderate: gnomAD max AF=0 < threshold 0.0001 for MOI AD,,,,,,,,,,,,,,No,No,,,,,Yes
7025370,35166_2023,chr7,151613031,T,C,PRKAG2,AD,c.32-17577A>G,Not provided,,,,1/11,intron_variant,MODIFIER,Het,24,0.444,Hypertrophic cardiomyopathy,No,,No,unknown_db_phenotype,No phenotype text in DB (unknown),Not provided,Not provided,0,Not provided,Not provided,0,Not provided,0,0,Not provided,No database evidence,0.0,Unknown,-1.000,Not provided,Not provided,Not provided,[],[],unknown,No,PM2_Moderate,"{""PM2_Moderate"": 2}",2,VUS,VUS,,,,PM2_Moderate: gnomAD max AF=0 < threshold 0.0001 for MOI AD,,,,,,,,,,,,,,No,No,,,,,Yes
7025370,35166_2023,chr7,151635866,A,T,PRKAG2,AD,c.313-3728T>A,Not provided,,,,2/13,intron_variant,MODIFIER,Het,30,0.400,Hypertrophic cardiomyopathy,No,,No,unknown_db_phenotype,No phenotype text in DB (unknown),Not provided,Not provided,0,Not provided,Not provided,0,Not provided,0,0,Not provided,No database evidence,0.000050,v3,-1.000,Not provided,Not provided,Not provided,[],[],unknown,No,PM2_Moderate,"{""PM2_Moderate"": 2}",2,VUS,VUS,,,,PM2_Moderate: gnomAD max AF=5.00765e-05 < threshold 0.0001 for MOI AD,,,,,,,,,,,,,,No,No,,,,,Yes
7025370,35166_2023,chr7,151648949,A,G,PRKAG2,AD,c.313-16811T>C,Not provided,,,,2/13,intron_variant,MODIFIER,Het,27,0.552,Hypertrophic cardiomyopathy,No,,No,unknown_db_phenotype,No phenotype text in DB (unknown),Not provided,Not provided,0,Not provided,Not provided,0,Not provided,0,0,Not provided,No database evidence,0.0,Unknown,-1.000,Not provided,Not provided,Not provided,[],[],unknown,No,PM2_Moderate,"{""PM2_Moderate"": 2}",2,VUS,VUS,,,,PM2_Moderate: gnomAD max AF=0 < threshold 0.0001 for MOI AD,,,,,,,,,,,,,,No,No,,,,,Yes
7025370,35166_2023,chr7,151682854,A,G,PRKAG2,AD,c.95-7217T>C,Not provided,,,,1/13,intron_variant,MODIFIER,Het,24,0.370,Hypertrophic cardiomyopathy,No,,No,unknown_db_phenotype,No phenotype text in DB (unknown),Not provided,Not provided,0,Not provided,Not provided,0,Not provided,0,0,Not provided,No database evidence,0.0,Unknown,-1.000,Not provided,Not provided,Not provided,[],[],unknown,No,PM2_Moderate,"{""PM2_Moderate"": 2}",2,VUS,VUS,,,,PM2_Moderate: gnomAD max AF=0 < threshold 0.0001 for MOI AD,,,,,,,,,,,,,,No,No,,,,,Yes
7025370,35166_2023,chr7,151696322,A,G,PRKAG2,AD,c.95-20685T>C,Not provided,,,,1/13,intron_variant,MODIFIER,Het,28,0.621,Hypertrophic cardiomyopathy,No,,No,unknown_db_phenotype,No phenotype text in DB (unknown),Not provided,Not provided,0,Not provided,Not provided,0,Not provided,0,0,Not provided,No database evidence,0.0,Unknown,-1.000,Not provided,Not provided,Not provided,[],[],unknown,No,PM2_Moderate,"{""PM2_Moderate"": 2}",2,VUS,VUS,,,,PM2_Moderate: gnomAD max AF=0 < threshold 0.0001 for MOI AD,,,,,,,,,,,,,,No,No,,,,,Yes
7025370,35166_2023,chr7,151760636,C,T,PRKAG2,AD,c.334+20516G>A,Not provided,,,,3/15,intron_variant,MODIFIER,Het,29,0.367,Hypertrophic cardiomyopathy,No,,No,unknown_db_phenotype,No phenotype text in DB (unknown),Not provided,Not provided,0,Not provided,Not provided,0,Not provided,0,0,Not provided,No database evidence,0.0,Unknown,-1.000,Not provided,Not provided,Not provided,[],[],unknown,No,PM2_Moderate,"{""PM2_Moderate"": 2}",2,VUS,VUS,,,,PM2_Moderate: gnomAD max AF=0 < threshold 0.0001 for MOI AD,,,,,,,,,,,,,,No,No,,,,,Yes
7025370,35166_2023,chr7,151778060,C,T,PRKAG2,AD,c.334+3092G>A,Not provided,,,,3/15,intron_variant,MODIFIER,Het,35,0.556,Hypertrophic cardiomyopathy,No,,No,unknown_db_phenotype,No phenotype text in DB (unknown),Not provided,Not provided,0,Not provided,Not provided,0,Not provided,0,0,Not provided,No database evidence,0.0,Unknown,-1.000,Not provided,Not provided,Not provided,[],[],unknown,No,PM2_Moderate,"{""PM2_Moderate"": 2}",2,VUS,VUS,,,,PM2_Moderate: gnomAD max AF=0 < threshold 0.0001 for MOI AD,,,,,,,,,,,,,,No,No,,,,,Yes
7025370,35166_2023,chr7,151785650,G,A,PRKAG2,AD,c.186+820C>T,Not provided,,,,2/15,intron_variant,MODIFIER,Het,17,0.389,Hypertrophic cardiomyopathy,No,,No,unknown_db_phenotype,No phenotype text in DB (unknown),Not provided,Not provided,0,Not provided,Not provided,0,Not provided,0,0,Not provided,No database evidence,0.0,Unknown,-1.000,Not provided,Not provided,Not provided,[],[],unknown,No,PM2_Moderate,"{""PM2_Moderate"": 2}",2,VUS,VUS,,,,PM2_Moderate: gnomAD max AF=0 < threshold 0.0001 for MOI AD,,,,,,,,,,,,,,No,No,,,,,Yes
7025370,35166_2023,chr7,151809196,C,A,PRKAG2,AD,c.115-22655G>T,Not provided,,,,1/15,intron_variant,MODIFIER,Het,22,0.500,Hypertrophic cardiomyopathy,No,,No,unknown_db_phenotype,No phenotype text in DB (unknown),Not provided,Not provided,0,Not provided,Not provided,0,Not provided,0,0,Not provided,No database evidence,0.0,Unknown,-1.000,Not provided,Not provided,Not provided,[],[],unknown,No,PM2_Moderate,"{""PM2_Moderate"": 2}",2,VUS,VUS,,,,PM2_Moderate: gnomAD max AF=0 < threshold 0.0001 for MOI AD,,,,,,,,,,,,,,No,No,,,,,Yes
7025370,35166_2023,chr7,151820620,C,G,PRKAG2,AD,c.115-34079G>C,Not provided,,,,1/15,intron_variant,MODIFIER,Het,18,0.263,Hypertrophic cardiomyopathy,No,,No,unknown_db_phenotype,No phenotype text in DB (unknown),Not provided,Not provided,0,Not provided,Not provided,0,Not provided,0,0,Not provided,No database evidence,0.0,Unknown,-1.000,Not provided,Not provided,Not provided,[],[],unknown,Yes,PM2_Moderate,"{""PM2_Moderate"": 2}",2,VUS,VUS,,,,PM2_Moderate: gnomAD max AF=0 < threshold 0.0001 for MOI AD,,,,,,,,,,,,,,No,No,,,Delins cluster (unphased) detected (cluster_id=6; members=chr7:151820620:C:G:7025370;chr7:151820626:A:T:7025370) - phasing required to confirm cis/trans.;Delins/overlap cluster (id=6) detected but not all members meet P/LP or >5pts -> not auto-escalated (possible carrier).,,Yes
7025370,35166_2023,chr7,151820626,A,T,PRKAG2,AD,c.115-34085T>A,Not provided,,,,1/15,intron_variant,MODIFIER,Het,20,0.250,Hypertrophic cardiomyopathy,No,,No,unknown_db_phenotype,No phenotype text in DB (unknown),Not provided,Not provided,0,Not provided,Not provided,0,Not provided,0,0,Not provided,No database evidence,0.0,Unknown,-1.000,Not provided,Not provided,Not provided,[],[],unknown,Yes,PM2_Moderate,"{""PM2_Moderate"": 2}",2,VUS,VUS,,,,PM2_Moderate: gnomAD max AF=0 < threshold 0.0001 for MOI AD,,,,,,,,,,,,,,No,No,,,Delins cluster (unphased) detected (cluster_id=6; members=chr7:151820620:C:G:7025370;chr7:151820626:A:T:7025370) - phasing required to confirm cis/trans.;Delins/overlap cluster (id=6) detected but not all members meet P/LP or >5pts -> not auto-escalated (possible carrier).,,Yes
7025370,35166_2023,chr7,151821023,C,T,PRKAG2,AD,c.115-34482G>A,Not provided,,,,1/15,intron_variant,MODIFIER,Het,30,0.700,Hypertrophic cardiomyopathy,No,,No,unknown_db_phenotype,No phenotype text in DB (unknown),Not provided,Not provided,0,Not provided,Not provided,0,Not provided,0,0,Not provided,No database evidence,0.0,Unknown,-1.000,Not provided,Not provided,Not provided,[],[],unknown,No,PM2_Moderate,"{""PM2_Moderate"": 2}",2,VUS,VUS,,,,PM2_Moderate: gnomAD max AF=0 < threshold 0.0001 for MOI AD,,,,,,,,,,,,,,No,No,,,,,Yes
7025370,35166_2023,chr7,151821039,C,T,PRKAG2,AD,c.115-34498G>A,Not provided,,,,1/15,intron_variant,MODIFIER,Het,26,0.643,Hypertrophic cardiomyopathy,No,,No,unknown_db_phenotype,No phenotype text in DB (unknown),Not provided,Not provided,0,Not provided,Not provided,0,Not provided,0,0,Not provided,No database evidence,0.0,Unknown,-1.000,Not provided,Not provided,Not provided,[],[],unknown,No,PM2_Moderate,"{""PM2_Moderate"": 2}",2,VUS,VUS,,,,PM2_Moderate: gnomAD max AF=0 < threshold 0.0001 for MOI AD,,,,,,,,,,,,,,No,No,,,,,Yes
7025370,35166_2023,chr9,132922731,C,T,TSC1,AD,c.145+617G>A,Not provided,,,,5/21,intron_variant,MODIFIER,Het,28,0.448,Tuberous sclerosis complex,No,,No,unknown_db_phenotype,No phenotype text in DB (unknown),Not provided,Not provided,0,Not provided,Not provided,0,Not provided,0,0,Not provided,No database evidence,0.0,Unknown,-1.000,Not provided,Not provided,Not provided,[],[],unknown,No,PM2_Moderate,"{""PM2_Moderate"": 2}",2,VUS,VUS,,,,PM2_Moderate: gnomAD max AF=0 < threshold 0.0001 for MOI AD,,,,,,,,,,,,,,No,No,,,,,Yes
7025370,35166_2023,chrX,153720227,C,T,ABCD1,XL,c.-5040C>T,Not provided,,,,,upstream_gene_variant,MODIFIER,Hemi,20,1.000,X-linked adrenoleukodystrophy,No,,No,unknown_db_phenotype,No phenotype text in DB (unknown),Not provided,Not provided,0,Not provided,Not provided,0,Not provided,0,0,Not provided,No database evidence,0.0,Unknown,-1.000,Not provided,Not provided,Not provided,[],[],unknown,No,PM2_Moderate,"{""PM2_Moderate"": 2}",2,VUS,VUS,,,,PM2_Moderate: gnomAD max AF=0 < threshold 0.0001 for MOI XL,,,,,,,,,,,,,,No,No,,,,,Yes
